,flight_AD,flight_datetime,flight_AL_Synchron_code,flight_number,flight_ID,flight_terminal_#,flight_AP,flight_AC_Synchron_code,flight_AC_PAX_capacity_total,flight_PAX,Aircraft_Stand
0,A,"17.08.2019 11:05",U6,1,D,1,SVX,320,160,152,114
1,D,"17.08.2019 19:15",U6,2,D,1,SIP,320,160,95,114
2,D,"17.08.2019 11:55",U6,439,D,1,SVX,320,160,159,121
3,A,"17.08.2019 18:20",U6,440,D,1,SIP,320,160,160,121
4,D,"17.08.2019 12:05",AH,3001,I,5,ALG,738,160,94,34
5,D,"17.08.2019 6:00",SU,2,D,1,LED,SU9,87,75,205
6,A,"17.08.2019 9:35",SU,3,D,1,LED,SU9,87,79,205
7,D,"17.08.2019 16:50",SU,1022,D,1,VOZ,SU9,87,64,205
8,A,"17.08.2019 20:30",SU,1023,D,1,VOZ,SU9,87,82,114
9,D,"17.08.2019 9:30",SU,1100,D,1,KRR,SU9,87,80,205
10,A,"17.08.2019 15:25",SU,1101,D,1,KRR,SU9,87,83,114
11,D,"17.08.2019 0:35",SU,1132,D,1,AER,SU9,87,82,114
12,A,"17.08.2019 14:35",SU,1133,D,1,AER,SU9,87,70,205
13,D,"17.08.2019 13:20",SU,1156,D,1,ROV,SU9,87,77,205
14,D,"17.08.2019 1:55",SU,1164,D,1,ROV,SU9,87,81,114
15,A,"17.08.2019 7:45",SU,1165,D,1,ROV,SU9,87,69,217
16,D,"17.08.2019 17:35",SU,1186,D,1,VOG,SU9,87,79,217
17,A,"17.08.2019 22:10",SU,1187,D,1,VOG,SU9,87,85,114
18,D,"17.08.2019 1:50",SU,1206,D,1,KUF,SU9,87,76,205
19,A,"17.08.2019 6:10",SU,1207,D,1,KUF,SU9,87,79,205
20,D,"17.08.2019 1:25",SU,1218,D,1,PEE,SU9,87,85,121
21,A,"17.08.2019 6:40",SU,1219,D,1,PEE,SU9,87,80,217
22,D,"17.08.2019 9:45",SU,1220,D,1,GOJ,SU9,87,84,114
23,A,"17.08.2019 13:15",SU,1221,D,1,GOJ,SU9,87,79,205
24,D,"17.08.2019 16:30",SU,1226,D,1,GOJ,SU9,87,77,217
25,A,"17.08.2019 19:55",SU,1227,D,1,GOJ,SU9,87,53,205
26,D,"17.08.2019 6:00",SU,1228,D,1,GOJ,SU9,87,72,217
27,A,"17.08.2019 9:25",SU,1229,D,1,GOJ,SU9,87,70,217
28,D,"17.08.2019 9:30",SU,1230,D,1,UFA,SU9,87,84,121
29,A,"17.08.2019 14:55",SU,1231,D,1,UFA,SU9,87,84,121
30,D,"17.08.2019 18:05",SU,1260,D,1,UFA,SU9,87,48,205
31,A,"17.08.2019 23:35",SU,1261,D,1,UFA,SU9,87,38,205
32,D,"17.08.2019 10:45",SU,1286,D,1,ULV,SU9,87,85,114
33,A,"17.08.2019 15:00",SU,1287,D,1,ULV,SU9,87,72,89
34,D,"17.08.2019 1:50",SU,1288,D,1,ULV,SU9,87,82,124
35,A,"17.08.2019 6:55",SU,1289,D,1,ULV,SU9,87,59,89
36,D,"17.08.2019 16:55",SU,1292,D,1,IJK,SU9,87,82,124
37,A,"17.08.2019 21:50",SU,1293,D,1,IJK,SU9,87,73,205
38,D,"17.08.2019 23:25",SU,1294,D,1,IJK,SU9,87,72,217
39,A,"17.08.2019 4:20",SU,1295,D,1,IJK,SU9,87,65,89
40,D,"17.08.2019 17:50",SU,1316,D,1,MMK,SU9,87,70,89
41,A,"17.08.2019 0:05",SU,1317,D,1,MMK,SU9,87,83,217
42,D,"17.08.2019 7:15",SU,1320,D,1,MMK,SU9,87,78,206
43,A,"17.08.2019 12:55",SU,1321,D,1,MMK,SU9,87,84,114
44,D,"17.08.2019 16:20",SU,1330,D,1,ARH,SU9,87,74,206
45,A,"17.08.2019 21:10",SU,1331,D,1,ARH,SU9,87,76,217
46,D,"17.08.2019 8:10",SU,1332,D,1,ARH,SU9,87,83,114
47,A,"17.08.2019 13:00",SU,1333,D,1,ARH,SU9,87,83,121
48,D,"17.08.2019 0:05",SU,1334,D,1,ARH,SU9,87,76,205
49,A,"17.08.2019 4:50",SU,1335,D,1,ARH,SU9,87,82,114
50,D,"17.08.2019 8:55",SU,1350,D,1,VOZ,SU9,87,73,89
51,A,"17.08.2019 12:20",SU,1351,D,1,VOZ,SU9,87,84,124
52,D,"17.08.2019 23:50",SU,1352,D,1,VOZ,SU9,87,48,89
53,A,"17.08.2019 7:30",SU,1353,D,1,VOZ,SU9,87,75,205
54,D,"17.08.2019 6:35",SU,1356,D,1,RTW,SU9,87,75,89
55,A,"17.08.2019 11:10",SU,1357,D,1,RTW,SU9,87,82,124
56,D,"17.08.2019 19:15",SU,1358,D,1,RTW,SU9,87,65,205
57,A,"17.08.2019 23:35",SU,1359,D,1,RTW,SU9,87,72,217
58,D,"17.08.2019 9:45",SU,1360,D,1,RTW,SU9,87,78,206
59,A,"17.08.2019 14:05",SU,1361,D,1,RTW,SU9,87,53,217
60,D,"17.08.2019 16:40",SU,1362,D,1,RTW,SU9,87,41,88
61,A,"17.08.2019 21:05",SU,1363,D,1,RTW,SU9,87,48,89
62,D,"17.08.2019 17:35",SU,1364,D,1,STW,SU9,87,86,114
63,A,"17.08.2019 23:15",SU,1365,D,1,STW,SU9,87,70,206
64,D,"17.08.2019 9:00",SU,1366,D,1,STW,SU9,87,87,114
65,A,"17.08.2019 14:25",SU,1367,D,1,STW,SU9,87,84,114
66,D,"17.08.2019 21:10",SU,1368,D,1,STW,SU9,87,54,217
67,A,"17.08.2019 5:15",SU,1369,D,1,STW,SU9,87,78,206
68,D,"17.08.2019 10:25",SU,1370,D,1,EGO,SU9,87,76,89
69,A,"17.08.2019 14:20",SU,1371,D,1,EGO,SU9,87,70,206
70,D,"17.08.2019 23:55",SU,1372,D,1,EGO,SU9,87,37,88
71,A,"17.08.2019 4:10",SU,1373,D,1,EGO,SU9,87,75,206
72,D,"17.08.2019 19:40",SU,1374,D,1,EGO,SU9,87,66,217
73,A,"17.08.2019 23:35",SU,1375,D,1,EGO,SU9,87,77,190
74,D,"17.08.2019 11:45",SU,1376,D,1,RTW,SU9,87,83,124
75,A,"17.08.2019 15:55",SU,1377,D,1,RTW,SU9,87,77,89
76,D,"17.08.2019 15:25",SU,1378,D,1,RTW,SU9,87,41,88
77,A,"17.08.2019 19:40",SU,1379,D,1,RTW,SU9,87,49,89
78,D,"17.08.2019 13:55",SU,1388,D,1,ULV,SU9,87,44,217
79,A,"17.08.2019 18:05",SU,1389,D,1,ULV,SU9,87,43,89
80,D,"17.08.2019 8:40",SU,1390,D,1,SCW,SU9,87,87,121
81,A,"17.08.2019 13:50",SU,1391,D,1,SCW,SU9,87,70,89
82,D,"17.08.2019 12:50",SU,1392,D,1,PEE,SU9,87,83,121
83,A,"17.08.2019 22:10",SU,1393,D,1,PEE,SU9,87,76,206
84,D,"17.08.2019 22:40",SU,1396,D,1,SCW,SU9,87,79,88
85,A,"17.08.2019 4:35",SU,1397,D,1,SCW,SU9,87,70,88
86,D,"17.08.2019 15:20",SU,1404,D,1,SVX,SU9,87,68,190
87,A,"17.08.2019 21:35",SU,1405,D,1,SVX,SU9,87,79,190
88,D,"17.08.2019 0:40",SU,1428,D,1,MQF,SU9,87,78,89
89,A,"17.08.2019 6:30",SU,1429,D,1,MQF,SU9,87,87,121
90,D,"17.08.2019 14:45",SU,1434,D,1,MQF,SU9,87,77,191
91,A,"17.08.2019 20:55",SU,1435,D,1,MQF,SU9,87,70,205
92,D,"17.08.2019 21:30",SU,1466,D,1,SKX,SU9,87,40,206
93,A,"17.08.2019 7:45",SU,1467,D,1,SKX,SU9,87,69,206
94,D,"17.08.2019 1:30",SU,1508,D,1,TJM,SU9,87,87,190
95,A,"17.08.2019 8:20",SU,1509,D,1,TJM,SU9,87,86,124
96,D,"17.08.2019 7:25",SU,1642,D,1,ASF,SU9,87,84,114
97,A,"17.08.2019 13:05",SU,1643,D,1,ASF,SU9,87,87,124
98,D,"17.08.2019 14:25",SU,1680,D,1,NBC,SU9,87,76,206
99,A,"17.08.2019 19:25",SU,1681,D,1,NBC,SU9,87,77,206
100,D,"17.08.2019 8:35",SU,1830,I,3,MSQ,SU9,87,75,19
101,A,"17.08.2019 12:15",SU,1831,I,2,MSQ,SU9,87,78,80
102,D,"17.08.2019 18:10",SU,1832,I,3,MSQ,SU9,87,57,19
103,A,"17.08.2019 21:55",SU,1833,I,2,MSQ,SU9,87,82,48
104,D,"17.08.2019 22:00",SU,1834,I,3,MSQ,SU9,87,78,19
105,A,"17.08.2019 7:40",SU,1835,I,2,MSQ,SU9,87,79,80
106,D,"17.08.2019 13:25",SU,1840,I,3,MSQ,SU9,87,68,19
107,A,"17.08.2019 17:35",SU,1841,I,2,MSQ,SU9,87,77,80
108,D,"17.08.2019 16:50",SU,1842,I,3,MSQ,SU9,87,80,19
109,A,"17.08.2019 20:45",SU,1843,I,2,MSQ,SU9,87,79,80
110,D,"17.08.2019 9:20",SU,2034,I,5,OTP,SU9,87,61,10
111,A,"17.08.2019 16:25",SU,2035,I,5,OTP,SU9,87,63,10
112,D,"17.08.2019 20:55",SU,2038,I,5,OTP,SU9,87,58,10
113,A,"17.08.2019 5:05",SU,2039,I,3,OTP,SU9,87,69,19
114,D,"17.08.2019 11:50",SU,2100,I,3,RIX,SU9,87,83,19
115,A,"17.08.2019 16:10",SU,2101,I,3,RIX,SU9,87,77,23
116,D,"17.08.2019 22:55",SU,2118,I,3,RIX,SU9,87,59,19
117,A,"17.08.2019 4:30",SU,2119,I,3,RIX,SU9,87,78,23
118,D,"17.08.2019 16:10",SU,2164,I,3,VNO,SU9,87,70,23
119,A,"17.08.2019 20:45",SU,2165,I,3,VNO,SU9,87,82,23
120,D,"17.08.2019 10:40",SU,2206,I,3,HEL,SU9,87,81,19
121,A,"17.08.2019 15:10",SU,2207,I,3,HEL,SU9,87,72,10
122,D,"17.08.2019 18:55",SU,2262,I,5,TLL,SU9,87,61,10
123,A,"17.08.2019 23:30",SU,2263,I,3,TLL,SU9,87,72,19
124,D,"17.08.2019 11:25",SU,2344,I,3,DRS,SU9,87,78,23
125,A,"17.08.2019 17:55",SU,2345,I,3,DRS,SU9,87,66,19
126,D,"17.08.2019 6:45",SU,6,D,1,LED,73H,158,147,121
127,A,"17.08.2019 10:40",SU,7,D,1,LED,73H,158,142,115
128,D,"17.08.2019 8:20",SU,10,D,1,LED,32A,158,144,124
129,A,"17.08.2019 12:00",SU,11,D,1,LED,32A,158,127,114
130,D,"17.08.2019 9:40",SU,12,D,1,LED,73H,158,158,115
131,A,"17.08.2019 13:25",SU,13,D,1,LED,73H,158,152,115
132,D,"17.08.2019 10:55",SU,14,D,1,LED,32A,158,127,121
133,A,"17.08.2019 14:40",SU,15,D,1,LED,32A,158,156,124
134,D,"17.08.2019 11:30",SU,16,D,1,LED,73H,158,136,122
135,A,"17.08.2019 15:10",SU,17,D,1,LED,73H,158,155,115
136,D,"17.08.2019 12:25",SU,18,D,1,LED,73H,158,127,122
137,A,"17.08.2019 16:25",SU,19,D,1,LED,73H,158,151,121
138,D,"17.08.2019 13:35",SU,20,D,1,LED,32A,158,155,115
139,A,"17.08.2019 17:20",SU,21,D,1,LED,32A,158,158,121
140,D,"17.08.2019 15:20",SU,22,D,1,LED,32A,158,154,121
141,A,"17.08.2019 19:00",SU,23,D,1,LED,32A,158,155,114
142,D,"17.08.2019 17:10",SU,24,D,1,LED,32A,158,148,122
143,A,"17.08.2019 20:50",SU,25,D,1,LED,32A,158,154,121
144,D,"17.08.2019 18:20",SU,26,D,1,LED,32A,158,152,124
145,A,"17.08.2019 22:00",SU,27,D,1,LED,32A,158,158,121
146,D,"17.08.2019 19:40",SU,28,D,1,LED,73H,158,126,124
147,A,"17.08.2019 23:45",SU,29,D,1,LED,73H,158,125,114
148,D,"17.08.2019 20:30",SU,30,D,1,LED,73H,158,113,115
149,A,"17.08.2019 0:25",SU,31,D,1,LED,73H,158,119,115
150,D,"17.08.2019 21:00",SU,32,D,1,LED,32A,158,138,121
151,A,"17.08.2019 7:20",SU,33,D,1,LED,32A,158,136,122
152,D,"17.08.2019 23:15",SU,34,D,1,LED,32A,158,152,124
153,A,"17.08.2019 6:25",SU,35,D,1,LED,32A,158,141,115
154,D,"17.08.2019 1:30",SU,36,D,1,LED,32A,158,145,122
155,A,"17.08.2019 5:05",SU,37,D,1,LED,32A,158,151,124
156,D,"17.08.2019 16:25",SU,38,D,1,LED,32A,158,147,116
157,A,"17.08.2019 20:00",SU,39,D,1,LED,32A,158,155,124
158,D,"17.08.2019 11:55",SU,42,D,1,LED,32A,158,153,116
159,A,"17.08.2019 15:35",SU,43,D,1,LED,32A,158,152,117
160,D,"17.08.2019 21:30",SU,44,D,1,LED,32A,158,144,115
161,A,"17.08.2019 1:10",SU,45,D,1,LED,32A,158,122,121
162,D,"17.08.2019 0:40",SU,46,D,1,LED,73H,158,154,121
163,A,"17.08.2019 8:30",SU,47,D,1,LED,73H,158,140,122
164,D,"17.08.2019 6:55",SU,506,I,3,TLV,73H,158,142,23
165,A,"17.08.2019 16:50",SU,507,I,3,TLV,73H,158,148,20
166,A,"17.08.2019 6:20",SU,511,I,3,BEY,32A,158,140,19
167,D,"17.08.2019 21:05",SU,512,I,2,IKA,32A,158,86,48
168,A,"17.08.2019 5:55",SU,513,I,2,IKA,32A,158,147,48
169,D,"17.08.2019 8:15",SU,520,I,5,DXB,73H,158,158,34
170,A,"17.08.2019 20:50",SU,521,I,5,DXB,73H,158,147,34
171,D,"17.08.2019 18:40",SU,524,I,5,DXB,73H,158,152,34
172,A,"17.08.2019 6:50",SU,525,I,5,DXB,73H,158,136,37
173,D,"17.08.2019 6:40",SU,1000,D,1,KGD,73H,158,152,115
174,A,"17.08.2019 11:20",SU,1001,D,1,KGD,73H,158,158,116
175,D,"17.08.2019 10:10",SU,1002,D,1,KGD,32A,158,127,116
176,A,"17.08.2019 15:15",SU,1003,D,1,KGD,32A,158,127,123
177,D,"17.08.2019 13:45",SU,1004,D,1,KGD,32A,158,157,122
178,A,"17.08.2019 19:00",SU,1005,D,1,KGD,32A,158,127,122
179,D,"17.08.2019 18:30",SU,1006,D,1,KGD,73H,158,127,115
180,A,"17.08.2019 23:25",SU,1007,D,1,KGD,73H,158,127,121
181,D,"17.08.2019 20:05",SU,1008,D,1,KGD,32A,158,156,116
182,A,"17.08.2019 5:50",SU,1009,D,1,KGD,32A,158,127,122
183,D,"17.08.2019 16:35",SU,1010,D,1,KGD,32A,158,153,113
184,A,"17.08.2019 21:20",SU,1011,D,1,KGD,32A,158,127,115
185,D,"17.08.2019 7:50",SU,1042,D,1,OGZ,32A,158,140,116
186,A,"17.08.2019 14:20",SU,1043,D,1,OGZ,32A,158,154,122
187,D,"17.08.2019 8:05",SU,1052,D,1,MCX,32A,158,125,117
188,A,"17.08.2019 15:00",SU,1053,D,1,MCX,32A,158,127,118
189,D,"17.08.2019 22:00",SU,1056,D,1,MCX,32A,158,59,191
190,A,"17.08.2019 4:45",SU,1057,D,1,MCX,32A,158,155,122
191,D,"17.08.2019 15:00",SU,1058,D,1,MCX,32A,158,97,122
192,A,"17.08.2019 21:40",SU,1059,D,1,MCX,32A,158,127,122
193,D,"17.08.2019 15:10",SU,1064,D,1,NAL,32A,158,119,116
194,A,"17.08.2019 21:00",SU,1065,D,1,NAL,32A,158,153,116
195,D,"17.08.2019 14:50",SU,1078,D,1,IGT,32A,158,115,117
196,A,"17.08.2019 21:30",SU,1079,D,1,IGT,32A,158,127,117
197,D,"17.08.2019 12:25",SU,1102,D,1,KRR,73H,158,147,117
198,A,"17.08.2019 18:00",SU,1103,D,1,KRR,73H,158,127,115
199,D,"17.08.2019 14:40",SU,1104,D,1,KRR,73H,158,109,123
200,A,"17.08.2019 20:25",SU,1105,D,1,KRR,73H,158,154,122
201,D,"17.08.2019 15:55",SU,1106,D,1,KRR,73H,158,115,117
202,A,"17.08.2019 21:35",SU,1107,D,1,KRR,73H,158,156,123
203,D,"17.08.2019 23:35",SU,1112,D,1,KRR,32A,158,98,116
204,A,"17.08.2019 5:05",SU,1113,D,1,KRR,32A,158,149,116
205,D,"17.08.2019 10:30",SU,1116,D,3,AER,32A,158,157,13
206,A,"17.08.2019 17:05",SU,1117,D,3,AER,32A,158,157,13
207,D,"17.08.2019 19:00",SU,1118,D,1,AER,73H,158,138,122
208,A,"17.08.2019 0:55",SU,1119,D,1,AER,73H,158,157,122
209,D,"17.08.2019 6:05",SU,1120,D,1,AER,73H,158,141,117
210,A,"17.08.2019 12:00",SU,1121,D,1,AER,73H,158,127,117
211,D,"17.08.2019 12:20",SU,1122,D,1,AER,73H,158,158,123
212,A,"17.08.2019 18:30",SU,1123,D,1,AER,73H,158,156,117
213,D,"17.08.2019 14:10",SU,1124,D,1,AER,32A,158,154,116
214,A,"17.08.2019 20:10",SU,1125,D,1,AER,32A,158,127,117
215,D,"17.08.2019 23:10",SU,1128,D,1,AER,73H,158,101,113
216,A,"17.08.2019 5:20",SU,1129,D,1,AER,73H,158,157,117
217,D,"17.08.2019 17:45",SU,1130,D,1,AER,32A,158,149,116
218,A,"17.08.2019 23:50",SU,1131,D,1,AER,32A,158,127,124
219,D,"17.08.2019 9:05",SU,1134,D,1,AER,73H,158,156,116
220,A,"17.08.2019 15:25",SU,1135,D,1,AER,73H,158,156,120
221,D,"17.08.2019 20:50",SU,1140,D,1,AER,32A,158,108,123
222,A,"17.08.2019 9:20",SU,1141,D,1,AER,32A,158,156,124
223,D,"17.08.2019 15:00",SU,1142,D,1,AAQ,32A,158,152,113
224,A,"17.08.2019 20:40",SU,1143,D,1,AAQ,32A,158,148,123
225,D,"17.08.2019 21:50",SU,1144,D,1,AAQ,73H,158,93,113
226,A,"17.08.2019 8:25",SU,1145,D,1,AAQ,73H,158,155,117
227,D,"17.08.2019 6:30",SU,1146,D,1,AAQ,32A,158,147,123
228,A,"17.08.2019 12:05",SU,1147,D,1,AAQ,32A,158,153,123
229,D,"17.08.2019 15:35",SU,1148,D,1,GDZ,32A,158,148,123
230,A,"17.08.2019 21:15",SU,1149,D,1,GDZ,32A,158,143,114
231,D,"17.08.2019 13:10",SU,1150,D,1,GDZ,32A,158,152,113
232,A,"17.08.2019 19:05",SU,1151,D,1,GDZ,32A,158,150,124
233,D,"17.08.2019 8:10",SU,1152,D,1,GDZ,32A,158,156,123
234,A,"17.08.2019 14:10",SU,1153,D,1,GDZ,32A,158,143,120
235,D,"17.08.2019 7:30",SU,1158,D,1,ROV,73H,158,129,113
236,A,"17.08.2019 12:30",SU,1159,D,1,ROV,73H,158,150,113
237,D,"17.08.2019 9:00",SU,1162,D,1,ROV,32A,158,128,117
238,A,"17.08.2019 13:55",SU,1163,D,1,ROV,32A,158,150,118
239,D,"17.08.2019 21:35",SU,1172,D,1,ASF,32A,158,158,116
240,A,"17.08.2019 8:40",SU,1173,D,1,ASF,32A,158,154,123
241,D,"17.08.2019 14:50",SU,1174,D,1,ASF,32A,158,146,120
242,A,"17.08.2019 20:30",SU,1175,D,1,ASF,32A,158,127,118
243,D,"17.08.2019 14:55",SU,1182,D,1,VOG,73H,158,149,119
244,A,"17.08.2019 19:35",SU,1183,D,1,VOG,73H,158,157,118
245,D,"17.08.2019 22:50",SU,1184,D,1,VOG,73H,158,146,120
246,A,"17.08.2019 7:50",SU,1185,D,1,VOG,73H,158,148,113
247,D,"17.08.2019 2:00",SU,1188,D,1,VOG,73H,158,151,116
248,A,"17.08.2019 9:45",SU,1189,D,1,VOG,73H,158,152,115
249,D,"17.08.2019 16:00",SU,1192,D,1,KZN,32A,158,149,191
250,A,"17.08.2019 20:25",SU,1193,D,1,KZN,32A,158,70,88
251,D,"17.08.2019 0:45",SU,1196,D,1,KZN,73H,158,139,124
252,A,"17.08.2019 5:00",SU,1197,D,1,KZN,73H,158,78,190
253,A,"17.08.2019 8:35",SU,1199,D,1,KZN,32A,158,70,88
254,D,"17.08.2019 7:20",SU,1200,D,1,PEE,32A,158,157,118
255,A,"17.08.2019 12:35",SU,1201,D,1,PEE,32A,158,155,118
256,D,"17.08.2019 9:40",SU,1208,D,1,KUF,32A,158,150,118
257,A,"17.08.2019 14:05",SU,1209,D,1,KUF,32A,158,150,127
258,D,"17.08.2019 8:10",SU,1210,D,1,KUF,32A,158,140,120
259,A,"17.08.2019 13:00",SU,1211,D,1,KUF,32A,158,141,190
260,D,"17.08.2019 13:45",SU,1212,D,1,KUF,73H,158,118,120
261,A,"17.08.2019 18:25",SU,1213,D,1,KUF,73H,158,126,113
262,D,"17.08.2019 17:05",SU,1214,D,1,KUF,73H,158,121,190
263,A,"17.08.2019 21:30",SU,1215,D,1,KUF,73H,158,126,118
264,D,"17.08.2019 22:35",SU,1216,D,1,KUF,73H,158,115,119
265,A,"17.08.2019 7:20",SU,1217,D,1,KUF,32A,158,139,190
266,D,"17.08.2019 0:10",SU,1222,D,1,GOJ,73H,158,127,115
267,A,"17.08.2019 6:15",SU,1223,D,1,GOJ,73H,158,132,191
268,D,"17.08.2019 18:30",SU,1224,D,1,GOJ,73H,158,99,117
269,A,"17.08.2019 21:50",SU,1225,D,1,GOJ,73H,158,78,191
270,D,"17.08.2019 14:20",SU,1232,D,1,UFA,32A,158,158,127
271,A,"17.08.2019 19:40",SU,1233,D,1,UFA,32A,158,151,120
272,D,"17.08.2019 1:40",SU,1234,D,1,UFA,32A,158,149,117
273,A,"17.08.2019 8:15",SU,1235,D,1,UFA,32A,158,152,120
274,D,"17.08.2019 20:10",SU,1238,D,1,UFA,32A,158,109,118
275,A,"17.08.2019 5:50",SU,1239,D,1,UFA,32A,158,150,119
276,D,"17.08.2019 15:35",SU,1248,D,1,REN,73H,158,158,202
277,A,"17.08.2019 21:10",SU,1249,D,1,REN,73H,158,136,127
278,D,"17.08.2019 21:50",SU,1250,D,1,NBC,32A,158,88,127
279,A,"17.08.2019 6:45",SU,1251,D,1,NBC,32A,158,90,113
280,D,"17.08.2019 7:00",SU,1254,D,1,NBC,32A,158,129,120
281,A,"17.08.2019 11:45",SU,1255,D,1,NBC,32A,158,135,217
282,D,"17.08.2019 16:00",SU,1258,D,1,UFA,32A,158,126,119
283,A,"17.08.2019 21:15",SU,1259,D,1,UFA,32A,158,135,202
284,D,"17.08.2019 8:20",SU,1268,D,1,KZN,32A,158,144,118
285,A,"17.08.2019 12:25",SU,1269,D,1,KZN,32A,158,49,89
286,D,"17.08.2019 21:50",SU,1274,D,1,KRR,73H,158,100,203
287,A,"17.08.2019 8:25",SU,1275,D,1,KRR,73H,158,149,191
288,D,"17.08.2019 11:05",SU,1276,D,1,KZN,73H,158,149,117
289,A,"17.08.2019 15:10",SU,1277,D,1,KZN,73H,158,125,127
290,D,"17.08.2019 6:00",SU,1284,D,1,KRR,73H,158,132,113
291,A,"17.08.2019 12:55",SU,1285,D,1,KRR,73H,158,158,88
292,D,"17.08.2019 2:40",SU,1300,D,1,MRV,32A,158,139,117
293,A,"17.08.2019 9:35",SU,1301,D,1,MRV,32A,158,150,123
294,D,"17.08.2019 16:30",SU,1302,D,1,MRV,73H,158,136,203
295,A,"17.08.2019 22:15",SU,1303,D,1,MRV,73H,158,151,115
296,D,"17.08.2019 7:45",SU,1304,D,1,MRV,32A,158,144,127
297,A,"17.08.2019 13:30",SU,1305,D,1,MRV,32A,158,158,203
298,D,"17.08.2019 1:05",SU,1306,D,1,OVB,73H,158,150,115
299,A,"17.08.2019 10:25",SU,1307,D,1,OVB,73H,158,158,217
300,D,"17.08.2019 20:55",SU,1314,D,1,MRV,73H,158,131,113
301,A,"17.08.2019 4:55",SU,1315,D,1,MRV,73H,158,152,191
302,D,"17.08.2019 23:20",SU,1322,D,1,MMK,32A,158,127,203
303,A,"17.08.2019 5:10",SU,1323,D,1,MMK,32A,158,146,127
304,D,"17.08.2019 20:25",SU,1340,D,1,GOJ,32A,158,81,120
305,A,"17.08.2019 23:45",SU,1341,D,1,GOJ,32A,158,71,89
306,D,"17.08.2019 1:00",SU,1382,D,1,HMA,73H,158,154,116
307,A,"17.08.2019 8:05",SU,1383,D,1,HMA,73H,158,147,119
308,D,"17.08.2019 22:20",SU,1394,D,1,PEE,32A,158,126,213
309,A,"17.08.2019 8:00",SU,1395,D,1,PEE,32A,158,155,127
310,D,"17.08.2019 8:30",SU,1400,D,1,SVX,32A,158,153,119
311,A,"17.08.2019 14:30",SU,1401,D,1,SVX,32A,158,151,213
312,D,"17.08.2019 11:20",SU,1402,D,1,SVX,73H,158,145,113
313,A,"17.08.2019 17:30",SU,1403,D,1,SVX,73H,158,154,116
314,D,"17.08.2019 21:30",SU,1406,D,1,SVX,32A,158,140,190
315,A,"17.08.2019 7:30",SU,1407,D,1,SVX,32A,158,156,123
316,D,"17.08.2019 23:45",SU,1408,D,1,SVX,32A,158,128,120
317,A,"17.08.2019 5:45",SU,1409,D,1,SVX,32A,158,156,88
318,D,"17.08.2019 6:45",SU,1410,D,1,SVX,32A,158,127,202
319,A,"17.08.2019 12:40",SU,1411,D,1,SVX,32A,158,157,202
320,D,"17.08.2019 13:30",SU,1412,D,1,SVX,32A,158,147,191
321,A,"17.08.2019 19:20",SU,1413,D,1,SVX,32A,158,157,191
322,D,"17.08.2019 17:30",SU,1414,D,1,SVX,73H,158,150,113
323,A,"17.08.2019 23:40",SU,1415,D,1,SVX,73H,158,149,115
324,D,"17.08.2019 6:50",SU,1420,D,1,CEK,32A,158,152,203
325,A,"17.08.2019 12:45",SU,1421,D,1,CEK,32A,158,150,213
326,D,"17.08.2019 14:00",SU,1422,D,1,CEK,32A,158,156,119
327,A,"17.08.2019 20:05",SU,1423,D,1,CEK,32A,158,127,202
328,D,"17.08.2019 0:05",SU,1424,D,1,CEK,32A,158,151,122
329,A,"17.08.2019 6:00",SU,1425,D,1,CEK,32A,158,156,213
330,D,"17.08.2019 17:45",SU,1426,D,1,CEK,32A,158,140,123
331,A,"17.08.2019 0:20",SU,1427,D,1,CEK,32A,158,155,123
332,D,"17.08.2019 21:40",SU,1430,D,3,BAX,73H,158,135,13
333,A,"17.08.2019 7:35",SU,1431,D,3,BAX,73H,158,155,13
334,D,"17.08.2019 9:05",SU,1432,D,3,BAX,32A,158,144,16
335,A,"17.08.2019 18:35",SU,1433,D,3,BAX,32A,158,157,13
336,D,"17.08.2019 1:55",SU,1436,D,1,SVX,32A,158,127,113
337,A,"17.08.2019 9:15",SU,1437,D,1,SVX,32A,158,157,118
338,D,"17.08.2019 17:25",SU,1440,D,1,IKT,73H,158,132,191
339,A,"17.08.2019 6:40",SU,1441,D,1,IKT,73H,158,157,202
340,D,"17.08.2019 7:30",SU,1444,D,1,IKT,73H,158,130,190
341,A,"17.08.2019 20:40",SU,1445,D,1,IKT,73H,158,157,215
342,D,"17.08.2019 23:15",SU,1446,D,3,BAX,32A,158,151,13
343,A,"17.08.2019 8:50",SU,1447,D,3,BAX,32A,158,127,16
344,D,"17.08.2019 22:20",SU,1458,D,3,NOZ,73H,158,132,16
345,A,"17.08.2019 8:25",SU,1459,D,3,NOZ,73H,158,155,17
346,D,"17.08.2019 9:10",SU,1460,D,1,OVB,73H,158,147,202
347,A,"17.08.2019 18:45",SU,1461,D,1,OVB,73H,158,127,190
348,D,"17.08.2019 6:25",SU,1462,D,1,OVB,73H,158,156,118
349,A,"17.08.2019 15:55",SU,1463,D,1,OVB,73H,158,157,118
350,D,"17.08.2019 1:50",SU,1472,D,3,NJC,73H,158,154,13
351,A,"17.08.2019 10:00",SU,1473,D,3,NJC,73H,158,154,16
352,D,"17.08.2019 0:10",SU,1478,D,3,ABA,73H,158,151,13
353,A,"17.08.2019 10:55",SU,1479,D,3,ABA,73H,158,127,13
354,D,"17.08.2019 20:25",SU,1480,D,1,KJA,32A,158,144,119
355,A,"17.08.2019 7:10",SU,1481,D,1,KJA,32A,158,158,88
356,D,"17.08.2019 7:40",SU,1486,D,1,KJA,73H,158,141,215
357,A,"17.08.2019 18:50",SU,1487,D,1,KJA,73H,158,157,127
358,D,"17.08.2019 11:40",SU,1490,D,1,SLY,32A,158,115,114
359,A,"17.08.2019 18:55",SU,1491,D,1,SLY,32A,158,112,88
360,D,"17.08.2019 8:05",SU,1498,D,1,GRV,32A,158,132,203
361,A,"17.08.2019 14:50",SU,1499,D,1,GRV,32A,158,158,215
362,D,"17.08.2019 8:25",SU,1500,D,1,TJM,32A,158,157,213
363,A,"17.08.2019 15:15",SU,1501,D,1,TJM,32A,158,157,119
364,D,"17.08.2019 23:40",SU,1502,D,1,TJM,32A,158,127,119
365,A,"17.08.2019 6:20",SU,1503,D,1,TJM,32A,158,152,129
366,D,"17.08.2019 14:00",SU,1506,D,1,TJM,73H,158,146,215
367,A,"17.08.2019 20:55",SU,1507,D,1,TJM,73H,158,149,129
368,D,"17.08.2019 21:45",SU,1510,D,1,SGC,32A,158,149,129
369,A,"17.08.2019 6:15",SU,1511,D,1,SGC,32A,158,150,192
370,D,"17.08.2019 1:35",SU,1512,D,1,SGC,32A,158,127,118
371,A,"17.08.2019 9:30",SU,1513,D,1,SGC,32A,158,155,120
372,D,"17.08.2019 6:40",SU,1516,D,1,SGC,32A,158,156,129
373,A,"17.08.2019 14:00",SU,1517,D,1,SGC,32A,158,152,129
374,D,"17.08.2019 1:55",SU,1522,D,1,NUX,32A,158,154,120
375,A,"17.08.2019 10:40",SU,1523,D,1,NUX,32A,158,153,205
376,D,"17.08.2019 23:05",SU,1530,D,3,TOF,73H,158,143,17
377,A,"17.08.2019 8:55",SU,1531,D,3,TOF,73H,158,157,14
378,D,"17.08.2019 22:15",SU,1532,D,1,CEK,32A,158,151,192
379,A,"17.08.2019 8:00",SU,1533,D,1,CEK,32A,158,152,203
380,D,"17.08.2019 17:50",SU,1542,D,1,AAQ,32A,158,136,206
381,A,"17.08.2019 0:05",SU,1543,D,1,AAQ,32A,158,146,191
382,D,"17.08.2019 8:15",SU,1546,D,1,AAQ,32A,158,152,193
383,A,"17.08.2019 13:40",SU,1547,D,1,AAQ,32A,158,147,192
384,D,"17.08.2019 20:35",SU,1548,D,1,OVB,73H,158,138,203
385,A,"17.08.2019 6:10",SU,1549,D,1,OVB,32A,158,127,196
386,D,"17.08.2019 1:05",SU,1562,D,1,IKT,73H,158,146,123
387,A,"17.08.2019 14:15",SU,1563,D,1,IKT,73H,158,157,193
388,D,"17.08.2019 6:25",SU,1602,D,1,KUF,73H,158,140,119
389,A,"17.08.2019 10:50",SU,1603,D,1,KUF,73H,158,135,118
390,D,"17.08.2019 16:10",SU,1618,D,1,SIP,32A,158,127,192
391,A,"17.08.2019 22:10",SU,1619,D,1,SIP,32A,158,127,127
392,D,"17.08.2019 9:15",SU,1620,D,1,SIP,32A,158,155,215
393,A,"17.08.2019 15:30",SU,1621,D,1,SIP,32A,158,127,202
394,D,"17.08.2019 11:45",SU,1622,D,1,SIP,73H,158,127,89
395,A,"17.08.2019 18:15",SU,1623,D,1,SIP,73H,158,127,123
396,D,"17.08.2019 14:55",SU,1624,D,1,SIP,32A,158,127,196
397,A,"17.08.2019 21:20",SU,1625,D,1,SIP,32A,158,127,193
398,D,"17.08.2019 21:00",SU,1626,D,1,SIP,73H,158,151,213
399,A,"17.08.2019 5:00",SU,1627,D,1,SIP,73H,158,158,215
400,D,"17.08.2019 13:35",SU,1628,D,1,SIP,32A,158,152,203
401,A,"17.08.2019 19:50",SU,1629,D,1,SIP,32A,158,127,119
402,D,"17.08.2019 1:20",SU,1632,D,1,SIP,32A,158,127,206
403,A,"17.08.2019 7:25",SU,1633,D,1,SIP,32A,158,158,129
404,D,"17.08.2019 6:10",SU,1636,D,1,SIP,32A,158,153,213
405,A,"17.08.2019 12:20",SU,1637,D,1,SIP,32A,158,157,129
406,D,"17.08.2019 0:40",SU,1638,D,3,OMS,32A,158,146,16
407,A,"17.08.2019 8:35",SU,1639,D,3,OMS,32A,158,127,18
408,D,"17.08.2019 6:15",SU,1640,D,3,OMS,73H,158,151,13
409,A,"17.08.2019 14:10",SU,1641,D,3,OMS,73H,158,127,13
410,D,"17.08.2019 7:25",SU,1644,D,1,SIP,32A,158,127,210
411,A,"17.08.2019 13:25",SU,1645,D,1,SIP,32A,158,157,210
412,D,"17.08.2019 22:50",SU,1646,D,3,NJC,32A,158,127,14
413,A,"17.08.2019 7:00",SU,1647,D,3,NJC,32A,158,158,16
414,D,"17.08.2019 12:40",SU,1648,D,1,SIP,32A,158,127,120
415,A,"17.08.2019 19:10",SU,1649,D,1,SIP,32A,158,127,215
416,D,"17.08.2019 17:25",SU,1658,D,1,SIP,32A,158,127,213
417,A,"17.08.2019 23:55",SU,1659,D,1,SIP,32A,158,157,122
418,A,"17.08.2019 11:25",SU,1751,D,1,YKS,73H,158,149,190
419,D,"17.08.2019 10:00",SU,1758,D,1,VOG,73H,158,127,190
420,A,"17.08.2019 14:50",SU,1759,D,1,VOG,73H,158,127,196
421,D,"17.08.2019 22:25",SU,1762,D,3,OMS,32A,158,156,18
422,A,"17.08.2019 6:25",SU,1763,D,3,OMS,32A,158,127,13
423,D,"17.08.2019 15:05",SU,1768,D,1,PEE,32A,158,140,220
424,A,"17.08.2019 20:20",SU,1769,D,1,PEE,32A,158,152,196
425,D,"17.08.2019 22:45",SU,1844,I,3,KIV,32A,158,141,23
426,D,"17.08.2019 9:55",SU,1854,I,5,GYD,73H,158,138,34
427,A,"17.08.2019 17:20",SU,1855,I,5,GYD,73H,158,156,37
428,D,"17.08.2019 6:30",SU,1858,I,3,EVN,32A,158,151,20
429,A,"17.08.2019 13:10",SU,1859,I,3,EVN,32A,158,127,19
430,D,"17.08.2019 9:45",SU,1860,I,3,EVN,32A,158,146,19
431,A,"17.08.2019 16:45",SU,1861,I,3,EVN,32A,158,127,22
432,D,"17.08.2019 2:05",SU,1864,I,3,EVN,32A,158,136,19
433,A,"17.08.2019 9:40",SU,1865,I,3,EVN,32A,158,154,20
434,D,"17.08.2019 20:40",SU,1868,I,3,EVN,73H,158,154,19
435,A,"17.08.2019 4:45",SU,1869,I,3,EVN,73H,158,127,22
436,D,"17.08.2019 8:10",SU,1872,I,3,TAS,73H,158,153,23
437,A,"17.08.2019 18:15",SU,1873,I,3,TAS,73H,158,156,23
438,D,"17.08.2019 22:40",SU,1876,I,3,BHK,32A,158,157,20
439,D,"17.08.2019 7:40",SU,1880,I,3,FRU,32A,158,127,20
440,A,"17.08.2019 17:50",SU,1881,I,3,FRU,32A,158,153,20
441,D,"17.08.2019 20:50",SU,1894,I,3,OSS,73H,158,127,23
442,A,"17.08.2019 7:10",SU,1895,I,3,OSS,73H,158,127,22
443,D,"17.08.2019 7:45",SU,1940,I,2,ALA,73H,158,150,55
444,A,"17.08.2019 18:20",SU,1941,I,2,ALA,73H,158,157,48
445,D,"17.08.2019 21:40",SU,1950,I,2,CIT,32A,158,158,55
446,D,"17.08.2019 18:05",SU,2002,I,3,WAW,32A,158,115,23
447,A,"17.08.2019 23:15",SU,2003,I,3,WAW,32A,158,129,23
448,D,"17.08.2019 7:45",SU,2006,I,3,WAW,32A,158,144,24
449,A,"17.08.2019 12:50",SU,2007,I,3,WAW,32A,158,153,23
450,D,"17.08.2019 7:30",SU,2010,I,5,PRG,73H,158,137,38
451,A,"17.08.2019 13:50",SU,2011,I,5,PRG,73H,158,138,34
452,D,"17.08.2019 14:55",SU,2014,I,5,PRG,73H,158,145,37
453,A,"17.08.2019 21:25",SU,2015,I,3,PRG,73H,158,137,22
454,D,"17.08.2019 13:00",SU,2018,I,5,PRG,73H,158,146,34
455,A,"17.08.2019 19:30",SU,2019,I,5,PRG,73H,158,146,34
456,D,"17.08.2019 10:10",SU,2030,I,2,BUD,32A,158,147,48
457,A,"17.08.2019 16:30",SU,2031,I,2,BUD,32A,158,149,48
458,D,"17.08.2019 7:05",SU,2032,I,2,BUD,32A,158,148,58
459,A,"17.08.2019 13:25",SU,2033,I,3,BUD,32A,158,154,20
460,D,"17.08.2019 9:55",SU,2054,I,3,TIV,73H,158,147,23
461,A,"17.08.2019 17:30",SU,2055,I,5,TIV,73H,158,127,38
462,D,"17.08.2019 8:15",SU,2060,I,2,SOF,32A,158,151,58
463,A,"17.08.2019 15:35",SU,2061,I,2,SOF,32A,158,127,48
464,D,"17.08.2019 14:15",SU,2074,I,5,LCA,73H,158,153,34
465,A,"17.08.2019 23:15",SU,2075,I,3,LCA,73H,158,154,20
466,D,"17.08.2019 20:15",SU,2092,I,2,BEG,32A,158,133,55
467,D,"17.08.2019 17:20",SU,2096,I,3,BEG,73H,158,131,24
468,A,"17.08.2019 0:10",SU,2097,I,3,BEG,73H,158,137,23
469,D,"17.08.2019 8:45",SU,2106,I,5,TLL,73H,158,134,38
470,A,"17.08.2019 13:10",SU,2107,I,5,TLL,73H,158,141,38
471,A,"17.08.2019 6:35",SU,2109,I,5,VNO,32A,158,58,39
472,D,"17.08.2019 14:30",SU,2122,I,3,HER,73H,158,157,22
473,A,"17.08.2019 23:55",SU,2123,I,3,HER,73H,158,152,22
474,D,"17.08.2019 7:50",SU,2130,I,2,IST,73H,158,149,59
475,A,"17.08.2019 16:00",SU,2131,I,2,IST,73H,158,151,55
476,A,"17.08.2019 6:05",SU,2135,I,3,IST,73H,158,147,22
477,D,"17.08.2019 10:00",SU,2136,I,3,IST,32A,158,114,20
478,A,"17.08.2019 18:25",SU,2137,I,2,IST,32A,158,124,58
479,D,"17.08.2019 17:40",SU,2138,I,2,IST,73H,158,134,58
480,A,"17.08.2019 4:05",SU,2139,I,3,IST,73H,158,147,19
481,D,"17.08.2019 11:20",SU,2152,I,3,DUS,32A,158,158,22
482,A,"17.08.2019 18:50",SU,2153,I,3,DUS,32A,158,143,20
483,D,"17.08.2019 14:25",SU,2154,I,3,DUS,32A,158,156,24
484,A,"17.08.2019 21:50",SU,2155,I,3,DUS,32A,158,143,24
485,D,"17.08.2019 15:55",SU,2156,I,3,BOJ,32A,158,115,19
486,A,"17.08.2019 23:50",SU,2157,I,3,BOJ,32A,158,127,24
487,D,"17.08.2019 8:15",SU,2168,I,5,BRU,73H,158,148,35
488,A,"17.08.2019 16:10",SU,2169,I,5,BRU,73H,158,136,34
489,D,"17.08.2019 10:20",SU,2174,I,5,OSL,32A,158,149,37
490,A,"17.08.2019 16:40",SU,2175,I,5,OSL,32A,158,149,39
491,D,"17.08.2019 10:25",SU,2210,I,3,ARN,73H,158,157,22
492,A,"17.08.2019 15:50",SU,2211,I,3,ARN,73H,158,132,20
493,D,"17.08.2019 9:20",SU,2312,I,3,SXF,32A,158,156,22
494,A,"17.08.2019 15:45",SU,2313,I,3,SXF,32A,158,149,22
495,D,"17.08.2019 15:25",SU,2314,I,3,SXF,32A,158,158,23
496,A,"17.08.2019 21:45",SU,2315,I,3,SXF,32A,158,154,25
497,D,"17.08.2019 19:35",SU,2316,I,3,SXF,32A,158,158,22
498,A,"17.08.2019 4:00",SU,2317,I,3,SXF,32A,158,153,20
499,D,"17.08.2019 11:20",SU,2318,I,3,SXF,32A,158,146,24
500,A,"17.08.2019 18:00",SU,2319,I,3,SXF,32A,158,150,24
501,D,"17.08.2019 6:50",SU,2320,I,3,MUC,32A,158,148,24
502,A,"17.08.2019 14:15",SU,2321,I,3,MUC,32A,158,155,22
503,D,"17.08.2019 14:30",SU,2326,I,3,MUC,32A,158,127,25
504,A,"17.08.2019 21:40",SU,2327,I,3,MUC,32A,158,154,26
505,D,"17.08.2019 10:55",SU,2336,I,3,STR,73H,158,141,25
506,A,"17.08.2019 18:35",SU,2337,I,3,STR,73H,158,152,25
507,D,"17.08.2019 19:00",SU,2338,I,3,STR,32A,158,152,25
508,A,"17.08.2019 2:50",SU,2339,I,3,STR,32A,158,158,19
509,D,"17.08.2019 10:45",SU,2342,I,3,HAJ,32A,158,152,26
510,A,"17.08.2019 17:45",SU,2343,I,3,HAJ,32A,158,148,26
511,D,"17.08.2019 16:45",SU,2352,I,3,VIE,32A,158,155,25
512,A,"17.08.2019 23:25",SU,2353,I,5,VIE,32A,158,151,34
513,D,"17.08.2019 20:00",SU,2354,I,5,VIE,73H,158,139,37
514,A,"17.08.2019 4:10",SU,2355,I,5,VIE,73H,158,147,34
515,D,"17.08.2019 12:00",SU,2356,I,3,VIE,73H,158,141,20
516,A,"17.08.2019 18:40",SU,2357,I,5,VIE,73H,158,148,38
517,D,"17.08.2019 20:00",SU,2376,I,5,LYS,32A,158,153,39
518,D,"17.08.2019 10:20",SU,2418,I,3,FCO,73H,158,153,24
519,A,"17.08.2019 19:10",SU,2419,I,3,FCO,73H,158,134,22
520,D,"17.08.2019 19:45",SU,2422,I,5,VCE,73H,158,127,34
521,D,"17.08.2019 20:05",SU,2428,I,3,BLQ,73H,158,143,26
522,A,"17.08.2019 4:25",SU,2429,I,5,BLQ,73H,158,106,37
523,D,"17.08.2019 19:30",SU,2436,I,3,DUS,32A,158,154,21
524,A,"17.08.2019 10:30",SU,2437,I,3,DUS,32A,158,142,25
525,D,"17.08.2019 8:00",SU,2480,I,3,NAP,73H,158,158,25
526,A,"17.08.2019 17:00",SU,2481,I,3,NAP,73H,158,136,24
527,D,"17.08.2019 19:50",SU,2496,I,5,CPH,73H,158,131,35
528,A,"17.08.2019 3:35",SU,2497,I,5,CPH,73H,158,121,38
529,D,"17.08.2019 9:00",SU,2502,I,2,VLC,73H,158,137,48
530,A,"17.08.2019 19:35",SU,2503,I,2,VLC,73H,158,150,58
531,D,"17.08.2019 12:05",SU,2518,I,3,PMI,32A,158,146,26
532,A,"17.08.2019 22:35",SU,2519,I,3,PMI,32A,158,156,22
533,D,"17.08.2019 18:00",SU,2528,I,5,AGP,73H,158,143,35
534,A,"17.08.2019 5:50",SU,2529,I,5,AGP,73H,158,143,34
535,D,"17.08.2019 18:25",SU,2534,I,5,OSL,73H,158,150,40
536,A,"17.08.2019 0:35",SU,2535,I,3,OSL,73H,158,93,20
537,D,"17.08.2019 7:35",SU,2536,I,3,DUS,32A,158,156,26
538,A,"17.08.2019 14:55",SU,2537,I,3,DUS,32A,158,137,20
539,A,"17.08.2019 4:30",SU,2585,I,3,LHR,73H,158,156,24
540,D,"17.08.2019 19:35",SU,2590,I,5,DUB,32A,158,147,40
541,D,"17.08.2019 19:30",SU,2606,I,2,LIS,73H,158,141,59
542,A,"17.08.2019 16:10",SU,2607,I,3,LIS,73H,158,149,26
543,D,"17.08.2019 11:00",SU,2612,I,3,MXP,73H,158,157,21
544,A,"17.08.2019 19:25",SU,2613,I,3,MXP,73H,158,143,24
545,D,"17.08.2019 19:50",SU,2618,I,5,BRU,73H,158,150,36
546,A,"17.08.2019 3:55",SU,2619,I,5,BRU,32A,158,114,39
547,D,"17.08.2019 10:00",SU,2620,I,3,AGP,73H,158,142,25
548,A,"17.08.2019 21:55",SU,2621,I,3,AGP,73H,158,127,21
549,D,"17.08.2019 14:50",SU,2628,I,5,BRU,73H,158,157,39
550,A,"17.08.2019 22:50",SU,2629,I,5,BRU,73H,158,126,37
551,D,"17.08.2019 15:30",SU,2656,I,3,FRA,73H,158,157,24
552,A,"17.08.2019 23:10",SU,2657,I,3,FRA,73H,158,153,25
553,D,"17.08.2019 10:20",SU,2658,I,5,CPH,73H,158,154,38
554,A,"17.08.2019 16:30",SU,2659,I,5,CPH,73H,158,126,38
555,D,"17.08.2019 7:15",SU,2684,I,3,SXF,73H,158,151,21
556,A,"17.08.2019 13:30",SU,2685,I,3,SXF,73H,158,142,26
557,D,"17.08.2019 14:35",SU,2694,I,5,AMS,32A,158,152,35
558,A,"17.08.2019 22:40",SU,2695,I,5,AMS,32A,158,145,38
559,D,"17.08.2019 14:40",VN,62,I,3,HAN,789,274,274,21
560,A,"17.08.2019 6:45",VN,63,I,3,HAN,789,274,220,27
561,D,"17.08.2019 9:20",SU,100,I,3,JFK,77W,402,398,24
562,A,"17.08.2019 6:25",SU,101,I,3,JFK,77W,402,298,29
563,D,"17.08.2019 14:15",SU,102,I,3,JFK,77W,402,385,27
564,A,"17.08.2019 11:45",SU,103,I,3,JFK,77W,402,337,23
565,D,"17.08.2019 12:00",SU,106,I,3,LAX,77W,402,391,27
566,A,"17.08.2019 13:20",SU,107,I,3,LAX,77W,402,337,29
567,D,"17.08.2019 12:30",SU,200,I,3,PEK,77W,402,400,21
568,A,"17.08.2019 5:35",SU,201,I,2,PEK,77W,402,374,49
569,D,"17.08.2019 21:20",SU,204,I,3,PEK,77W,402,394,20
570,A,"17.08.2019 14:45",SU,205,I,3,PEK,77W,402,386,26
571,D,"17.08.2019 9:30",SU,206,I,2,PVG,77W,402,378,55
572,A,"17.08.2019 5:45",SU,207,I,3,PVG,77W,402,379,33
573,D,"17.08.2019 20:05",SU,208,I,2,PVG,77W,402,379,49
574,A,"17.08.2019 16:20",SU,209,I,2,PVG,77W,402,373,59
575,D,"17.08.2019 19:20",SU,212,I,2,HKG,77W,402,377,55
576,A,"17.08.2019 16:40",SU,213,I,2,HKG,77W,402,371,49
577,D,"17.08.2019 20:45",SU,250,I,3,ICN,77W,402,394,27
578,A,"17.08.2019 16:30",SU,251,I,3,ICN,77W,402,320,25
579,D,"17.08.2019 19:00",SU,260,I,3,NRT,77W,402,370,27
580,A,"17.08.2019 16:05",SU,263,I,3,NRT,77W,402,386,21
581,D,"17.08.2019 19:25",SU,290,I,3,HAN,77W,402,350,29
582,A,"17.08.2019 16:35",SU,291,I,3,HAN,77W,402,398,29
583,D,"17.08.2019 8:50",SU,502,I,3,TLV,77W,402,393,20
584,A,"17.08.2019 18:45",SU,503,I,3,TLV,77W,402,386,33
585,A,"17.08.2019 4:40",SU,505,I,3,TLV,77W,402,386,25
586,D,"17.08.2019 15:40",SU,1700,D,3,VVO,77W,402,399,16
587,A,"17.08.2019 10:15",SU,1701,D,3,VVO,77W,402,322,17
588,D,"17.08.2019 17:15",SU,1710,D,3,KHV,77W,402,396,13
589,A,"17.08.2019 10:35",SU,1711,D,3,KHV,77W,402,400,14
590,D,"17.08.2019 16:45",SU,1730,D,3,PKC,77W,402,394,16
591,A,"17.08.2019 12:40",SU,1731,D,3,PKC,77W,402,379,13
592,D,"17.08.2019 9:10",SU,2550,I,2,AMS,77W,402,320,59
593,A,"17.08.2019 17:45",SU,2551,I,2,AMS,77W,402,256,46
594,D,"17.08.2019 9:35",SU,104,I,3,IAD,333,302,292,26
595,D,"17.08.2019 18:50",SU,232,I,2,DEL,333,302,280,57
596,A,"17.08.2019 9:05",SU,233,I,3,DEL,333,302,282,29
597,A,"17.08.2019 5:25",SU,235,I,3,DEL,333,302,285,27
598,D,"17.08.2019 21:25",SU,1442,D,3,IKT,333,302,264,16
599,A,"17.08.2019 11:00",SU,1443,D,3,IKT,333,302,285,12
600,D,"17.08.2019 20:35",SU,1702,D,3,VVO,333,302,296,14
601,A,"17.08.2019 15:50",SU,1703,D,3,VVO,333,302,299,18
602,D,"17.08.2019 8:55",SU,2380,I,2,GVA,333,302,209,49
603,A,"17.08.2019 17:25",SU,2381,I,2,GVA,333,302,161,60
604,D,"17.08.2019 12:15",SU,2548,I,5,TFS,333,302,271,37
605,D,"17.08.2019 11:00",SU,110,I,3,MIA,332,229,214,33
606,A,"17.08.2019 12:15",SU,111,I,3,MIA,332,229,188,29
607,D,"17.08.2019 7:10",SU,150,I,3,HAV,332,229,190,31
608,A,"17.08.2019 9:00",SU,151,I,3,HAV,332,229,225,31
609,D,"17.08.2019 15:05",SU,234,I,3,DEL,332,229,217,33
610,D,"17.08.2019 18:35",SU,330,I,3,ULN,332,229,171,21
611,A,"17.08.2019 8:40",SU,331,I,3,ULN,332,229,204,21
612,D,"17.08.2019 19:40",SU,122,I,3,JFK,333,296,285,31
613,A,"17.08.2019 17:20",SU,123,I,3,JFK,333,296,252,33
614,D,"17.08.2019 15:35",SU,202,I,3,PEK,333,296,281,31
615,A,"17.08.2019 8:55",SU,203,I,3,PEK,333,296,254,11
616,D,"17.08.2019 19:05",SU,220,I,2,CAN,333,296,258,51
617,A,"17.08.2019 16:25",SU,221,I,2,CAN,333,296,281,46
618,D,"17.08.2019 8:00",SU,252,I,3,ICN,333,296,294,10
619,A,"17.08.2019 5:15",SU,253,I,3,ICN,333,296,266,29
620,D,"17.08.2019 19:10",SU,270,I,3,BKK,333,296,254,11
621,A,"17.08.2019 16:00",SU,271,I,2,BKK,333,296,237,54
622,D,"17.08.2019 18:50",SU,274,I,2,HKT,333,296,172,53
623,A,"17.08.2019 16:45",SU,275,I,2,HKT,333,296,293,77
624,D,"17.08.2019 21:55",SU,320,I,2,MLE,333,296,246,59
625,A,"17.08.2019 17:15",SU,321,I,2,MLE,333,296,237,78
626,D,"17.08.2019 18:40",SU,504,I,3,TLV,333,296,286,1
627,D,"17.08.2019 1:00",SU,1482,D,3,KJA,333,296,278,17
628,A,"17.08.2019 12:05",SU,1483,D,3,KJA,333,296,237,16
629,D,"17.08.2019 20:45",SU,1870,I,3,TAS,333,296,288,29
630,A,"17.08.2019 7:05",SU,1871,I,3,TAS,333,296,293,33
631,A,"17.08.2019 4:20",SU,2549,I,2,TFS,333,296,290,48
632,D,"17.08.2019 9:50",SU,2578,I,3,LHR,333,296,223,33
633,A,"17.08.2019 19:10",SU,2579,I,3,LHR,333,296,292,31
634,D,"17.08.2019 7:00",N4,123,D,3,SIP,73H,189,152,16
635,A,"17.08.2019 13:10",N4,124,D,3,SIP,73H,189,152,16
636,D,"17.08.2019 16:05",N4,133,D,3,SIP,73H,189,152,17
637,A,"17.08.2019 22:30",N4,134,D,3,SIP,73H,189,152,16
638,D,"17.08.2019 19:50",N4,161,D,3,KRR,73H,189,133,16
639,A,"17.08.2019 9:40",N4,162,D,3,KRR,73H,189,181,18
640,D,"17.08.2019 23:55",N4,171,I,2,KSQ,73H,189,184,55
641,A,"17.08.2019 5:35",EO,174,D,3,SVX,73H,189,149,17
642,D,"17.08.2019 23:35",EO,179,D,3,CEK,73H,189,158,18
643,A,"17.08.2019 5:45",EO,180,D,3,CEK,73H,189,174,14
644,D,"17.08.2019 8:40",N4,183,D,3,MRV,73H,189,152,17
645,A,"17.08.2019 14:25",N4,184,D,3,MRV,73H,189,152,14
646,D,"17.08.2019 23:45",N4,185,D,3,KZN,73H,189,152,14
647,D,"17.08.2019 10:40",N4,203,I,2,FEG,73H,189,185,55
648,A,"17.08.2019 21:10",N4,204,I,2,FEG,73H,189,168,55
649,D,"17.08.2019 23:40",N4,211,D,3,YKS,73H,189,105,12
650,D,"17.08.2019 17:40",N4,225,D,3,AER,73H,189,130,16
651,A,"17.08.2019 23:20",N4,226,D,3,AER,73H,189,152,13
652,D,"17.08.2019 7:25",EO,229,D,3,AER,73H,189,120,18
653,A,"17.08.2019 21:45",EO,230,D,3,AER,73H,189,152,15
654,D,"17.08.2019 11:40",N4,245,D,3,AER,73H,189,185,15
655,A,"17.08.2019 17:35",N4,246,D,3,AER,73H,189,169,16
656,D,"17.08.2019 10:30",N4,277,I,2,EVN,73H,189,168,58
657,A,"17.08.2019 17:50",N4,278,I,2,EVN,73H,189,186,50
658,D,"17.08.2019 0:45",N4,279,D,3,UFA,73H,189,152,14
659,A,"17.08.2019 6:05",N4,280,D,3,UFA,73H,189,152,12
660,A,"17.08.2019 10:10",N4,294,D,3,KJA,73H,189,167,10
661,D,"17.08.2019 14:35",N4,377,I,2,EVN,73H,189,169,48
662,A,"17.08.2019 21:30",N4,378,I,2,EVN,73H,189,152,58
663,D,"17.08.2019 0:45",N4,477,I,2,EVN,73H,189,158,48
664,A,"17.08.2019 7:50",N4,478,I,2,EVN,73H,189,180,58
665,D,"17.08.2019 10:45",N4,523,D,3,SIP,73H,189,152,12
666,A,"17.08.2019 16:55",N4,524,D,3,SIP,73H,189,152,17
667,D,"17.08.2019 1:25",N4,541,D,3,OMS,73H,189,152,18
668,A,"17.08.2019 9:35",N4,542,D,3,OMS,73H,189,152,1
669,D,"17.08.2019 6:55",EO,615,D,3,AER,73H,189,170,15
670,A,"17.08.2019 20:00",EO,616,D,3,AER,73H,189,183,17
671,D,"17.08.2019 23:25",N4,633,D,3,SIP,73H,189,145,10
672,A,"17.08.2019 5:40",N4,634,D,3,SIP,73H,189,152,1
673,D,"17.08.2019 10:10",N4,701,I,2,JED,73H,189,38,80
674,A,"17.08.2019 5:30",N4,730,D,3,REN,73H,189,166,11
675,A,"17.08.2019 16:15",OK,894,I,2,PRG,73H,189,172,50
676,D,"17.08.2019 17:05",OK,895,I,2,PRG,73H,189,171,49
677,A,"17.08.2019 3:05",OK,898,I,2,PRG,73H,189,183,48
678,D,"17.08.2019 7:10",OK,899,I,2,PRG,73H,189,170,46
679,D,"17.08.2019 8:20",FV,6137,D,3,KRR,73H,189,95,14
680,A,"17.08.2019 13:55",FV,6138,D,3,KRR,73H,189,188,17
681,D,"17.08.2019 9:25",FV,6139,I,3,NCE,73H,189,155,27
682,A,"17.08.2019 18:20",FV,6140,I,3,NCE,73H,189,132,30
683,D,"17.08.2019 22:10",FV,6141,D,3,SIP,73H,189,40,17
684,A,"17.08.2019 14:30",FV,6142,D,3,SIP,73H,189,189,18
685,D,"17.08.2019 17:00",FV,6157,D,3,SIP,73H,189,189,17
686,A,"17.08.2019 9:45",FV,6158,D,3,SIP,73H,189,188,8
687,D,"17.08.2019 8:40",FV,6161,D,3,KGD,73H,189,130,18
688,A,"17.08.2019 13:35",FV,6162,D,3,KGD,73H,189,167,18
689,D,"17.08.2019 23:25",FV,6163,D,3,KGD,73H,189,157,1
690,A,"17.08.2019 8:10",FV,6164,D,3,KGD,73H,189,185,12
691,D,"17.08.2019 0:40",FV,6167,D,3,REN,73H,189,125,12
692,A,"17.08.2019 6:05",FV,6168,D,3,REN,73H,189,133,2
693,D,"17.08.2019 19:25",FV,6171,D,3,REN,73H,189,99,17
694,A,"17.08.2019 7:15",FV,6172,D,3,REN,73H,189,142,12
695,D,"17.08.2019 17:20",FV,6183,D,3,ROV,73H,189,122,14
696,A,"17.08.2019 22:20",FV,6184,D,3,ROV,73H,189,184,11
697,D,"17.08.2019 16:05",FV,6185,D,3,AER,73H,189,153,12
698,A,"17.08.2019 22:20",FV,6186,D,3,AER,73H,189,152,2
699,D,"17.08.2019 9:25",FV,6187,D,3,MRV,73H,189,186,15
700,A,"17.08.2019 15:20",FV,6188,D,3,MRV,73H,189,185,15
701,D,"17.08.2019 15:30",FV,6191,D,3,ROV,73H,189,107,15
702,A,"17.08.2019 20:35",FV,6192,D,3,ROV,73H,189,150,14
703,D,"17.08.2019 22:55",FV,6193,D,3,ROV,73H,189,120,3
704,A,"17.08.2019 4:50",FV,6194,D,3,ROV,73H,189,149,16
705,D,"17.08.2019 10:50",FV,6637,I,3,ORY,73H,189,177,27
706,A,"17.08.2019 20:05",FV,6638,I,3,ORY,73H,189,133,22
707,D,"17.08.2019 13:25",RL,7515,I,2,CFU,738,189,152,48
708,D,"17.08.2019 0:50",RL,7537,I,2,LCA,738,189,152,55
709,A,"17.08.2019 9:20",RL,7538,I,2,LCA,738,189,152,59
710,D,"17.08.2019 14:45",RL,7545,I,2,GZP,738,189,177,55
711,D,"17.08.2019 0:50",RL,7745,I,2,PMI,738,189,188,58
712,A,"17.08.2019 11:05",RL,7746,I,2,PMI,738,189,182,55
713,D,"17.08.2019 18:20",EO,147,D,3,LED,73J,209,206,14
714,A,"17.08.2019 22:05",EO,148,D,3,LED,73J,209,175,8
715,D,"17.08.2019 23:30",EO,173,D,3,SVX,73J,209,170,5
716,D,"17.08.2019 7:15",EO,177,D,3,LED,73J,209,184,8
717,A,"17.08.2019 10:50",EO,178,D,3,LED,73J,209,189,18
718,D,"17.08.2019 11:50",EO,187,D,3,ROV,73J,209,165,11
719,A,"17.08.2019 16:10",EO,188,D,3,ROV,73J,209,195,12
720,A,"17.08.2019 8:00",D2,151,D,1,CEE,SU9,100,31,210
721,D,"17.08.2019 9:05",D2,152,D,1,CEE,SU9,100,27,192
722,A,"17.08.2019 20:55",D2,153,D,1,CEE,SU9,100,29,210
723,D,"17.08.2019 21:55",D2,154,D,1,CEE,SU9,100,24,199
724,A,"17.08.2019 9:15",AY,711,I,3,HEL,E90,100,72,10
725,D,"17.08.2019 10:00",AY,712,I,3,HEL,E90,100,98,30
726,A,"17.08.2019 19:20",AY,713,I,3,HEL,E90,100,99,21
727,D,"17.08.2019 20:30",AY,714,I,3,HEL,E90,100,91,1
728,A,"17.08.2019 12:50",AY,715,I,3,HEL,E90,100,67,10
729,D,"17.08.2019 13:35",AY,716,I,3,HEL,E90,100,80,20
730,A,"17.08.2019 1:35",AY,719,I,3,HEL,E90,100,100,23
731,D,"17.08.2019 5:00",AY,720,I,3,HEL,E90,100,100,22
732,D,"17.08.2019 13:30",EO,167,D,3,LED,E90,110,105,17
733,A,"17.08.2019 16:55",EO,168,D,3,LED,E90,110,87,18
734,A,"17.08.2019 6:10",EO,186,D,3,KZN,E90,110,83,3
735,D,"17.08.2019 23:55",EO,189,D,3,NBC,E90,110,94,17
736,A,"17.08.2019 6:00",EO,190,D,3,NBC,E90,110,70,5
737,A,"17.08.2019 6:00",EO,198,D,3,LED,E90,110,86,4
738,D,"17.08.2019 23:30",EO,201,D,3,PEE,E90,110,96,4
739,A,"17.08.2019 5:15",EO,202,D,3,PEE,E90,110,108,18
740,D,"17.08.2019 7:10",EO,227,D,3,VOG,E90,110,86,6
741,A,"17.08.2019 11:35",EO,228,D,3,VOG,E90,110,88,17
742,D,"17.08.2019 7:05",EO,337,D,3,CSY,E90,110,97,7
743,A,"17.08.2019 10:30",EO,338,D,3,CSY,E90,110,89,2
744,D,"17.08.2019 7:00",EO,339,D,3,MQF,E90,110,97,9
745,A,"17.08.2019 20:15",EO,340,D,3,MQF,E90,110,97,18
746,D,"17.08.2019 17:00",EO,389,D,3,NBC,E90,110,94,1
747,A,"17.08.2019 21:35",EO,390,D,3,NBC,E90,110,103,12
748,D,"17.08.2019 7:15",EO,529,D,3,REN,E90,110,81,42
749,A,"17.08.2019 12:25",EO,530,D,3,REN,E90,110,100,14
750,D,"17.08.2019 0:30",EO,563,D,3,OSW,E90,110,64,10
751,A,"17.08.2019 6:15",EO,564,D,3,OSW,E90,110,72,80
752,D,"17.08.2019 7:05",EO,645,D,3,RTW,E90,110,92,44
753,A,"17.08.2019 21:45",EO,646,D,3,RTW,E90,110,68,6
754,D,"17.08.2019 23:55",EO,729,D,3,REN,E90,110,94,15
755,D,"17.08.2019 18:10",BA,234,I,5,LHR,321,154,148,36
756,A,"17.08.2019 16:50",BA,235,I,5,LHR,321,154,136,41
757,A,"17.08.2019 16:20",SU,260,I,3,CDG,32B,183,170,27
758,D,"17.08.2019 20:45",SU,400,I,2,CAI,32B,183,121,59
759,A,"17.08.2019 7:25",SU,401,I,3,CAI,32B,183,177,21
760,D,"17.08.2019 1:35",SU,500,I,3,TLV,32B,183,181,22
761,A,"17.08.2019 12:00",SU,501,I,3,TLV,32B,183,176,22
762,D,"17.08.2019 13:20",SU,508,I,3,TLV,32B,183,177,24
763,A,"17.08.2019 23:05",SU,509,I,3,TLV,32B,183,171,26
764,D,"17.08.2019 7:45",SU,1138,D,1,AER,32B,183,171,125
765,A,"17.08.2019 13:40",SU,1139,D,1,AER,32B,183,147,125
766,D,"17.08.2019 9:15",SU,1190,D,1,KZN,32B,183,167,125
767,A,"17.08.2019 13:15",SU,1191,D,1,KZN,32B,183,77,199
768,D,"17.08.2019 19:20",SU,1194,D,1,KZN,32B,183,122,120
769,A,"17.08.2019 23:40",SU,1195,D,1,KZN,32B,183,47,191
770,D,"17.08.2019 22:15",SU,1198,D,1,KZN,32B,183,174,125
771,D,"17.08.2019 15:10",SU,1324,D,1,MMK,32B,183,181,131
772,A,"17.08.2019 21:05",SU,1325,D,1,MMK,32B,183,167,131
773,D,"17.08.2019 21:25",SU,1450,D,3,KEJ,32B,183,174,12
774,A,"17.08.2019 7:15",SU,1451,D,3,KEJ,32B,183,182,15
775,D,"17.08.2019 0:55",SU,1536,D,3,TOF,32B,183,171,15
776,A,"17.08.2019 10:25",SU,1537,D,3,TOF,32B,183,180,3
777,D,"17.08.2019 16:15",SU,1862,I,3,EVN,32B,183,182,21
778,A,"17.08.2019 23:20",SU,1863,I,3,EVN,32B,183,182,21
779,D,"17.08.2019 23:40",SU,1866,I,3,EVN,32B,183,138,20
780,A,"17.08.2019 7:05",SU,1867,I,3,EVN,32B,183,147,30
781,D,"17.08.2019 21:45",SU,1882,I,3,FRU,32B,183,183,24
782,A,"17.08.2019 7:40",SU,1883,I,3,FRU,32B,183,169,25
783,A,"17.08.2019 0:15",SU,1897,I,3,EVN,32B,183,147,24
784,A,"17.08.2019 6:55",SU,1937,I,2,KGF,32B,183,171,46
785,D,"17.08.2019 0:55",SU,1942,I,2,ALA,32B,183,173,59
786,A,"17.08.2019 11:10",SU,1943,I,2,ALA,32B,183,182,58
787,D,"17.08.2019 21:00",SU,1946,I,3,ALA,32B,183,176,25
788,A,"17.08.2019 7:35",SU,1947,I,2,ALA,32B,183,183,50
789,D,"17.08.2019 23:50",SU,1956,I,2,TSE,32B,183,179,59
790,A,"17.08.2019 8:05",SU,1957,I,2,TSE,32B,183,156,46
791,D,"17.08.2019 10:10",SU,2012,I,5,PRG,32B,183,156,39
792,A,"17.08.2019 16:35",SU,2013,I,2,PRG,32B,183,145,52
793,D,"17.08.2019 19:15",SU,2016,I,5,PRG,32B,183,139,41
794,A,"17.08.2019 4:30",SU,2017,I,5,PRG,32B,183,159,38
795,D,"17.08.2019 17:00",SU,2024,I,5,PRG,32B,183,156,37
796,A,"17.08.2019 23:25",SU,2025,I,3,PRG,32B,183,148,27
797,A,"17.08.2019 0:25",SU,2047,I,3,SPU,32B,183,159,25
798,D,"17.08.2019 16:45",SU,2048,I,3,SPU,32B,183,180,27
799,A,"17.08.2019 23:55",SU,2049,I,3,SPU,32B,183,147,29
800,D,"17.08.2019 6:55",SU,2052,I,3,TIV,32B,183,178,30
801,A,"17.08.2019 14:45",SU,2053,I,3,TIV,32B,183,147,29
802,D,"17.08.2019 8:05",SU,2110,I,2,ATH,32B,183,166,50
803,A,"17.08.2019 17:15",SU,2111,I,2,ATH,32B,183,174,58
804,D,"17.08.2019 19:25",SU,2112,I,2,ATH,32B,183,130,54
805,A,"17.08.2019 4:20",SU,2113,I,2,ATH,32B,183,161,55
806,A,"17.08.2019 0:25",SU,2125,I,3,SKG,32B,183,165,26
807,D,"17.08.2019 10:50",SU,2126,I,5,HER,32B,183,147,34
808,A,"17.08.2019 20:35",SU,2127,I,5,HER,32B,183,176,37
809,D,"17.08.2019 9:35",SU,2142,I,2,AYT,32B,183,168,54
810,A,"17.08.2019 18:10",SU,2143,I,3,AYT,32B,183,170,32
811,D,"17.08.2019 9:05",SU,2184,I,5,VIE,32B,183,173,37
812,A,"17.08.2019 15:40",SU,2185,I,5,VIE,32B,183,178,39
813,D,"17.08.2019 19:45",SU,2192,I,5,AMS,32B,183,172,2
814,A,"17.08.2019 4:25",SU,2193,I,3,AMS,32B,183,132,26
815,D,"17.08.2019 7:55",SU,2306,I,3,FRA,32B,183,178,32
816,A,"17.08.2019 15:35",SU,2307,I,3,FRA,32B,183,179,33
817,D,"17.08.2019 17:55",SU,2382,I,2,GVA,32B,183,145,60
818,A,"17.08.2019 2:10",SU,2383,I,3,GVA,32B,183,146,20
819,D,"17.08.2019 9:50",SU,2390,I,2,ZRH,32B,183,182,49
820,A,"17.08.2019 18:00",SU,2391,I,2,ZRH,32B,183,178,52
821,D,"17.08.2019 19:55",SU,2414,I,3,MXP,32B,183,172,28
822,A,"17.08.2019 5:00",SU,2415,I,3,MXP,32B,183,166,21
823,D,"17.08.2019 7:35",SU,2452,I,3,CDG,32B,183,176,28
824,D,"17.08.2019 10:05",SU,2454,I,3,CDG,32B,183,160,32
825,A,"17.08.2019 18:55",SU,2455,I,3,CDG,32B,183,135,3
826,D,"17.08.2019 11:45",SU,2462,I,3,CDG,32B,183,175,29
827,A,"17.08.2019 20:35",SU,2463,I,3,CDG,32B,183,138,25
828,D,"17.08.2019 6:40",SU,2500,I,3,MAD,32B,183,177,26
829,A,"17.08.2019 17:50",SU,2501,I,3,MAD,32B,183,175,8
830,D,"17.08.2019 19:20",SU,2512,I,3,BCN,32B,183,176,5
831,A,"17.08.2019 5:35",SU,2513,I,3,BCN,32B,183,170,32
832,D,"17.08.2019 12:10",SU,2514,I,3,BCN,32B,183,180,33
833,A,"17.08.2019 22:15",SU,2515,I,3,BCN,32B,183,176,27
834,D,"17.08.2019 11:00",SU,2522,I,3,ALC,32B,183,183,30
835,A,"17.08.2019 22:05",SU,2523,I,3,ALC,32B,183,173,29
836,D,"17.08.2019 13:40",SU,2582,I,3,LHR,32B,183,181,26
837,A,"17.08.2019 23:10",SU,2583,I,3,LHR,32B,183,175,33
838,D,"17.08.2019 8:35",SU,2602,I,3,MAD,32B,183,143,31
839,A,"17.08.2019 20:00",SU,2603,I,3,MAD,32B,183,140,26
840,D,"17.08.2019 18:15",SU,2604,I,3,MAD,32B,183,168,30
841,A,"17.08.2019 5:25",SU,2605,I,3,MAD,32B,183,170,75
842,D,"17.08.2019 7:20",SU,2638,I,3,BCN,32B,183,180,43
843,A,"17.08.2019 17:35",SU,2639,I,3,BCN,32B,183,181,3
844,D,"17.08.2019 9:35",SU,2648,I,3,BCN,32B,183,182,29
845,A,"17.08.2019 19:50",SU,2649,I,3,BCN,32B,183,180,33
846,D,"17.08.2019 19:10",SU,263,I,3,LHR,321,170,162,4
847,A,"17.08.2019 7:15",SU,1853,I,5,GYD,321,170,157,40
848,D,"17.08.2019 9:55",SU,2072,I,5,LCA,321,170,154,35
849,A,"17.08.2019 18:45",SU,2073,I,5,LCA,321,170,169,41
850,D,"17.08.2019 8:30",SU,2104,I,5,VNO,321,170,137,36
851,A,"17.08.2019 12:40",SU,2105,I,5,VNO,321,170,147,37
852,D,"17.08.2019 16:15",SU,2124,I,3,SKG,321,170,136,30
853,D,"17.08.2019 20:15",SU,2144,I,2,AYT,321,170,114,57
854,A,"17.08.2019 5:25",SU,2145,I,2,AYT,321,170,131,59
855,D,"17.08.2019 8:30",SU,2202,I,3,HEL,321,170,158,26
856,A,"17.08.2019 13:05",SU,2203,I,3,HEL,321,170,113,30
857,D,"17.08.2019 13:55",SU,2360,I,5,NCE,321,170,136,39
858,A,"17.08.2019 22:40",SU,2361,I,5,NCE,321,170,160,39
859,A,"17.08.2019 4:15",SU,2453,I,3,CDG,321,170,134,27
860,D,"17.08.2019 19:35",SU,2460,I,3,CDG,321,170,166,9
861,D,"17.08.2019 10:05",SU,2470,I,5,NCE,321,170,157,40
862,A,"17.08.2019 18:55",SU,2471,I,5,NCE,321,170,162,7
863,D,"17.08.2019 7:05",SU,2580,I,3,LHR,321,170,146,25
864,A,"17.08.2019 16:35",SU,2581,I,3,LHR,321,170,161,31
865,A,"17.08.2019 13:05",KC,275,I,5,ALA,32N,162,130,40
866,D,"17.08.2019 14:00",KC,276,I,5,ALA,32Q,162,146,36
867,A,"17.08.2019 8:50",KC,893,I,5,TSE,32N,162,111,36
868,D,"17.08.2019 9:50",KC,894,I,5,TSE,32N,162,103,41
869,D,"17.08.2019 21:55",EO,301,D,3,BQS,763,290,137,1
870,A,"17.08.2019 12:45",EO,440,I,2,TYN,763,290,285,58
871,D,"17.08.2019 17:55",EO,443,I,2,SJW,763,290,289,51
872,D,"17.08.2019 12:10",EO,453,I,2,CAN,763,290,232,48
873,A,"17.08.2019 12:55",EO,496,I,2,LHW,763,290,249,49
874,A,"17.08.2019 15:50",N4,302,D,3,BQS,772,440,185,11
875,D,"17.08.2019 1:25",N4,1611,I,2,HER,772,440,437,49
876,A,"17.08.2019 10:45",N4,1612,I,2,HER,772,440,439,59
877,D,"17.08.2019 2:10",N4,1835,I,2,DLM,772,440,352,55
878,A,"17.08.2019 11:20",N4,1836,I,2,DLM,772,440,413,46
879,D,"17.08.2019 15:15",N4,2735,I,2,CXR,772,440,434,46
880,D,"17.08.2019 14:10",N4,7649,I,2,DJE,772,440,437,46
881,D,"17.08.2019 7:40",N4,355,I,2,CUN,77W,486,389,54
882,D,"17.08.2019 13:50",N4,1723,I,2,MIR,77W,486,479,55
883,A,"17.08.2019 23:40",N4,1724,I,2,MIR,77W,486,389,48
884,D,"17.08.2019 2:30",N4,1801,I,2,AYT,77W,486,389,48
885,A,"17.08.2019 10:55",N4,1802,I,2,AYT,77W,486,389,50
886,D,"17.08.2019 13:15",N4,1803,I,2,AYT,77W,486,389,57
887,A,"17.08.2019 22:30",N4,1804,I,2,AYT,77W,486,389,58
888,A,"17.08.2019 19:55",BT,422,I,5,RIX,CS3,145,135,38
889,D,"17.08.2019 20:40",BT,423,I,5,RIX,CS3,145,116,40
890,A,"17.08.2019 9:00",BT,424,I,5,RIX,CS3,145,130,2
891,D,"17.08.2019 9:45",BT,425,I,5,RIX,CS3,145,136,3
892,A,"17.08.2019 1:00",BT,426,I,5,RIX,CS3,145,139,34
893,D,"17.08.2019 4:50",BT,427,I,5,RIX,CS3,145,116,37
894,A,"17.08.2019 14:40",BT,428,I,5,RIX,CS3,145,139,37
895,D,"17.08.2019 15:25",BT,429,I,5,RIX,CS3,145,130,38
896,A,"17.08.2019 5:30",JD,475,I,2,HGH,332,264,242,57
897,D,"17.08.2019 8:55",JD,476,I,2,HGH,332,264,225,57
898,A,"17.08.2019 22:35",RL,506,I,2,TPE,763,330,326,49
899,D,"17.08.2019 3:50",RL,7743,I,2,BCN,763,330,330,55
900,D,"17.08.2019 22:55",SU,530,I,2,BEY,320,140,104,59
901,D,"17.08.2019 7:20",SU,570,I,3,TLV,320,140,132,74
902,D,"17.08.2019 6:10",SU,1246,D,1,REN,320,140,67,210
903,A,"17.08.2019 11:45",SU,1247,D,1,REN,320,140,121,206
904,D,"17.08.2019 6:30",SU,1270,D,1,KZN,320,140,122,193
905,A,"17.08.2019 10:45",SU,1271,D,1,KZN,320,140,78,88
906,D,"17.08.2019 13:55",SU,1312,D,1,MRV,320,140,136,193
907,A,"17.08.2019 19:45",SU,1313,D,1,MRV,320,140,133,192
908,D,"17.08.2019 6:25",SU,1438,D,1,UFA,320,140,136,192
909,A,"17.08.2019 12:50",SU,1439,D,1,UFA,320,140,134,104
910,D,"17.08.2019 3:05",SU,1448,D,3,MQF,320,140,102,13
911,A,"17.08.2019 9:05",SU,1449,D,3,MQF,320,140,122,15
912,D,"17.08.2019 23:50",SU,1484,D,3,KJA,320,140,112,7
913,A,"17.08.2019 10:20",SU,1485,D,3,KJA,320,140,138,5
914,D,"17.08.2019 0:05",SU,1574,D,3,AAQ,320,140,69,18
915,A,"17.08.2019 5:40",SU,1575,D,3,AAQ,320,140,136,78
916,D,"17.08.2019 2:55",SU,1674,D,3,ROV,320,140,86,16
917,A,"17.08.2019 8:45",SU,1675,D,3,ROV,320,140,108,5
918,A,"17.08.2019 5:55",SU,1845,I,3,KIV,320,140,112,79
919,D,"17.08.2019 23:50",SU,1852,I,5,GYD,320,140,138,34
920,D,"17.08.2019 22:25",SU,1936,I,3,KGF,320,140,112,27
921,D,"17.08.2019 0:10",SU,1948,I,2,AKX,320,140,79,80
922,A,"17.08.2019 6:35",SU,1949,I,2,AKX,320,140,124,60
923,A,"17.08.2019 8:15",SU,1961,I,2,KZO,320,140,135,57
924,D,"17.08.2019 10:05",SU,2040,I,5,ZAG,320,140,114,7
925,A,"17.08.2019 17:05",SU,2041,I,5,ZAG,320,140,121,2
926,D,"17.08.2019 20:00",SU,2070,I,5,LCA,320,140,123,6
927,A,"17.08.2019 5:40",SU,2071,I,5,LCA,320,140,124,37
928,D,"17.08.2019 10:15",SU,2090,I,2,BEG,320,140,112,50
929,A,"17.08.2019 17:10",SU,2091,I,2,BEG,320,140,127,47
930,A,"17.08.2019 4:35",SU,2093,I,2,BEG,320,140,114,58
931,D,"17.08.2019 21:15",SU,2108,I,5,VNO,320,140,114,39
932,D,"17.08.2019 12:55",SU,2116,I,2,ATH,320,140,124,49
933,A,"17.08.2019 22:05",SU,2117,I,2,ATH,320,140,125,46
934,D,"17.08.2019 21:15",SU,2134,I,5,IST,320,140,128,35
935,D,"17.08.2019 16:35",SU,2146,I,3,AYT,320,140,128,31
936,A,"17.08.2019 0:55",SU,2147,I,3,AYT,320,140,122,21
937,D,"17.08.2019 18:20",SU,2200,I,3,HEL,320,140,117,32
938,A,"17.08.2019 22:45",SU,2201,I,3,HEL,320,140,105,24
939,D,"17.08.2019 10:15",SU,2300,I,3,FRA,320,140,137,28
940,A,"17.08.2019 18:30",SU,2301,I,3,FRA,320,140,126,42
941,D,"17.08.2019 18:50",SU,2304,I,3,FRA,320,140,130,28
942,A,"17.08.2019 2:35",SU,2305,I,3,FRA,320,140,112,23
943,D,"17.08.2019 9:25",SU,2322,I,3,MUC,320,140,135,1
944,A,"17.08.2019 16:40",SU,2323,I,3,MUC,320,140,133,5
945,D,"17.08.2019 10:35",SU,2346,I,3,HAM,320,140,135,4
946,A,"17.08.2019 17:15",SU,2347,I,3,HAM,320,140,130,6
947,D,"17.08.2019 16:05",SU,2348,I,3,HAM,320,140,124,33
948,A,"17.08.2019 22:45",SU,2349,I,3,HAM,320,140,126,30
949,D,"17.08.2019 8:45",SU,2374,I,3,LYS,320,140,112,28
950,A,"17.08.2019 17:40",SU,2375,I,3,LYS,320,140,107,7
951,A,"17.08.2019 4:45",SU,2377,I,3,LYS,320,140,60,10
952,D,"17.08.2019 8:35",SU,2378,I,3,MRS,320,140,120,11
953,A,"17.08.2019 17:40",SU,2379,I,3,MRS,320,140,103,44
954,D,"17.08.2019 18:10",SU,2386,I,3,ARN,320,140,138,9
955,A,"17.08.2019 23:30",SU,2387,I,3,ARN,320,140,70,10
956,D,"17.08.2019 18:25",SU,2392,I,2,ZRH,320,140,128,56
957,A,"17.08.2019 2:50",SU,2393,I,3,ZRH,320,140,127,22
958,D,"17.08.2019 8:35",SU,2402,I,3,FCO,320,140,130,2
959,A,"17.08.2019 17:30",SU,2403,I,3,FCO,320,140,125,75
960,D,"17.08.2019 18:40",SU,2404,I,3,FCO,320,140,118,42
961,A,"17.08.2019 4:40",SU,2405,I,3,FCO,320,140,119,33
962,D,"17.08.2019 11:25",SU,2406,I,3,FCO,320,140,123,32
963,A,"17.08.2019 20:15",SU,2407,I,3,FCO,320,140,129,21
964,D,"17.08.2019 14:30",SU,2408,I,3,FCO,320,140,130,31
965,A,"17.08.2019 23:05",SU,2409,I,3,FCO,320,140,123,31
966,D,"17.08.2019 8:25",SU,2410,I,3,MXP,320,140,140,3
967,A,"17.08.2019 16:45",SU,2411,I,3,MXP,320,140,128,74
968,D,"17.08.2019 6:50",SU,2416,I,3,MXP,320,140,112,81
969,A,"17.08.2019 15:05",SU,2417,I,3,MXP,320,140,113,24
970,A,"17.08.2019 4:00",SU,2423,I,3,VCE,320,140,124,21
971,D,"17.08.2019 7:50",SU,2424,I,5,BLQ,320,140,126,41
972,A,"17.08.2019 15:45",SU,2425,I,5,BLQ,320,140,134,35
973,D,"17.08.2019 14:05",SU,2458,I,3,CDG,320,140,137,32
974,A,"17.08.2019 22:50",SU,2459,I,3,CDG,320,140,101,32
975,D,"17.08.2019 17:55",SU,2468,I,2,BUD,320,140,127,47
976,A,"17.08.2019 0:10",SU,2469,I,3,BUD,320,140,125,27
977,A,"17.08.2019 4:15",SU,2475,I,5,NCE,320,140,125,35
978,D,"17.08.2019 7:35",SU,2482,I,3,VRN,320,140,122,82
979,A,"17.08.2019 15:30",SU,2483,I,3,VRN,320,140,126,32
980,D,"17.08.2019 5:40",SU,2570,I,3,LHR,320,140,117,29
981,A,"17.08.2019 14:40",SU,2571,I,3,LHR,320,140,133,28
982,D,"17.08.2019 8:50",SU,2576,I,3,LHR,320,140,121,32
983,A,"17.08.2019 17:40",SU,2577,I,3,LHR,320,140,136,79
984,D,"17.08.2019 15:55",SU,2586,I,3,MXP,320,140,124,32
985,A,"17.08.2019 4:55",SU,2591,I,3,DUB,320,140,125,28
986,D,"17.08.2019 19:45",SU,2594,I,3,MUC,320,140,112,74
987,A,"17.08.2019 3:15",SU,2595,I,3,MUC,320,140,134,24
988,D,"17.08.2019 9:15",SU,2596,I,5,VCE,320,140,112,39
989,A,"17.08.2019 17:05",SU,2597,I,5,VCE,320,140,112,45
990,D,"17.08.2019 9:40",SU,2610,I,3,LJU,320,140,127,8
991,A,"17.08.2019 17:00",SU,2611,I,3,LJU,320,140,129,81
992,D,"17.08.2019 18:15",SU,2680,I,5,RIX,320,140,116,43
993,A,"17.08.2019 22:25",SU,2681,I,3,RIX,320,140,126,28
994,D,"17.08.2019 9:15",SU,2682,I,3,RIX,320,140,137,4
995,A,"17.08.2019 13:20",SU,2683,I,3,RIX,320,140,136,28
996,A,"17.08.2019 3:05",AZ,542,I,5,CTA,321,200,147,34
997,D,"17.08.2019 4:05",AZ,543,I,5,CTA,321,200,141,39
998,A,"17.08.2019 15:50",AZ,546,I,5,MXP,320,180,138,40
999,D,"17.08.2019 16:55",AZ,547,I,5,MXP,320,180,156,38
1000,A,"17.08.2019 15:15",AZ,548,I,5,FCO,320,180,146,34
1001,D,"17.08.2019 16:40",AZ,549,I,5,FCO,320,180,161,36
1002,A,"17.08.2019 3:20",KM,560,I,5,MLA,320,180,139,35
1003,D,"17.08.2019 4:20",KM,561,I,5,MLA,320,180,139,40
1004,D,"17.08.2019 5:00",AZ,595,I,5,FCO,320,180,165,36
1005,A,"17.08.2019 3:45",AZ,596,I,5,FCO,320,180,129,41
1006,A,"17.08.2019 7:50",FB,643,I,2,BOJ,320,180,178,60
1007,D,"17.08.2019 8:45",FB,644,I,2,BOJ,320,180,173,51
1008,A,"17.08.2019 15:05",FB,659,I,2,BOJ,320,180,144,55
1009,D,"17.08.2019 16:00",FB,660,I,2,BOJ,320,180,171,48
1010,A,"17.08.2019 17:25",MU,591,I,2,PVG,333,298,262,82
1011,D,"17.08.2019 19:05",MU,592,I,2,PVG,333,298,272,69
1012,A,"17.08.2019 17:00",MU,5009,I,2,PVG,333,298,200,83
1013,D,"17.08.2019 19:10",MU,5010,I,2,PVG,333,298,270,84
1014,A,"17.08.2019 18:25",3U,609,I,2,CTU,333,301,271,51
1015,D,"17.08.2019 20:20",3U,610,I,2,CTU,333,301,271,60
1016,A,"17.08.2019 16:55",CA,909,I,2,PEK,333,301,280,70
1017,D,"17.08.2019 18:45",CA,910,I,2,PEK,333,301,290,61
1018,A,"17.08.2019 15:00",FB,651,I,2,BOJ,733,148,119,58
1019,D,"17.08.2019 15:50",FB,652,I,2,BOJ,733,148,99,59
1020,A,"17.08.2019 21:00",KC,875,I,5,ALA,32A,148,107,38
1021,D,"17.08.2019 22:05",KC,876,I,5,ALA,32A,148,132,40
1022,A,"17.08.2019 20:45",JU,654,I,5,BEG,319,138,134,39
1023,D,"17.08.2019 21:35",JU,655,I,5,BEG,319,138,126,36
1024,A,"17.08.2019 3:25",JU,656,I,5,BEG,319,138,115,10
1025,D,"17.08.2019 4:10",JU,657,I,5,BEG,319,138,117,41
1026,A,"17.08.2019 19:15",CZ,655,I,3,CAN,332,260,228,11
1027,D,"17.08.2019 21:10",CZ,656,I,3,CAN,332,260,255,8
1028,A,"17.08.2019 13:45",LO,675,I,5,WAW,E95,112,92,36
1029,D,"17.08.2019 14:35",LO,676,I,5,WAW,E95,112,95,41
1030,A,"17.08.2019 19:45",LO,677,I,5,WAW,E95,112,91,37
1031,D,"17.08.2019 20:40",LO,678,I,5,WAW,E95,112,95,36
1032,A,"17.08.2019 21:20",KC,873,I,5,TSE,321,179,137,35
1033,D,"17.08.2019 22:20",KC,874,I,5,TSE,321,179,122,41
1034,A,"17.08.2019 4:25",8L,881,I,2,KMG,333,303,292,46
1035,D,"17.08.2019 6:15",8L,882,I,2,KMG,333,303,288,50
1036,D,"17.08.2019 5:40",KL,900,I,5,AMS,73H,186,137,40
1037,A,"17.08.2019 16:05",KL,903,I,5,AMS,73H,186,154,3
1038,D,"17.08.2019 17:00",KL,904,I,5,AMS,73H,186,176,41
1039,A,"17.08.2019 1:30",KL,907,I,5,AMS,73H,186,124,37
1040,A,"17.08.2019 12:35",KL,901,I,5,AMS,73W,142,131,1
1041,D,"17.08.2019 13:30",KL,902,I,5,AMS,73W,142,138,38
1042,A,"17.08.2019 16:50",KE,923,I,3,ICN,789,269,190,15
1043,D,"17.08.2019 18:55",KE,924,I,3,ICN,789,269,249,12
1044,A,"17.08.2019 9:50",B2,975,I,2,MSQ,E95,107,105,58
1045,D,"17.08.2019 10:35",B2,976,I,3,MSQ,E95,107,101,6
1046,A,"17.08.2019 19:30",B2,977,I,2,MSQ,E95,107,105,49
1047,D,"17.08.2019 20:30",B2,978,I,3,MSQ,E95,107,93,30
1048,A,"17.08.2019 14:15",AF,1044,I,5,CDG,321,212,177,35
1049,D,"17.08.2019 15:15",AF,1045,I,5,CDG,321,212,209,10
1050,A,"17.08.2019 17:45",AF,1744,I,5,CDG,321,212,170,39
1051,D,"17.08.2019 18:45",AF,1745,I,5,CDG,321,212,194,76
1052,A,"17.08.2019 0:05",AF,1144,I,5,CDG,319,143,115,34
1053,D,"17.08.2019 8:45",AF,1145,I,5,CDG,319,143,115,41
1054,A,"17.08.2019 1:35",AF,1844,I,5,CDG,319,143,117,38
1055,D,"17.08.2019 6:10",AF,1845,I,5,CDG,319,143,133,39
1056,D,"17.08.2019 1:10",EO,1805,I,2,AYT,763,340,272,46
1057,A,"17.08.2019 9:50",EO,1806,I,2,AYT,763,340,329,46
1058,A,"17.08.2019 18:40",SN,2845,I,5,BRU,319,141,130,45
1059,D,"17.08.2019 19:30",SN,2846,I,5,BRU,319,141,136,77
1060,A,"17.08.2019 20:10",CZ,6001,I,3,URC,738,178,125,30
1061,D,"17.08.2019 21:35",CZ,6002,I,3,URC,738,178,155,32
1062,D,"17.08.2019 20:10",FV,6143,D,3,SIP,773,373,61,18
1063,A,"17.08.2019 16:15",FV,6266,I,3,CMB,773,373,305,8
1064,D,"17.08.2019 20:20",FV,6273,D,3,UUS,773,373,369,12
1065,A,"17.08.2019 15:45",FV,6274,D,3,UUS,773,373,373,4
1066,D,"17.08.2019 18:25",FV,6281,D,3,VVO,773,373,368,62
1067,A,"17.08.2019 14:00",FV,6282,D,3,VVO,773,373,373,11
1068,D,"17.08.2019 17:05",FV,6283,D,3,UUS,773,373,361,2
1069,A,"17.08.2019 12:25",FV,6284,D,3,UUS,773,373,372,18
1070,D,"17.08.2019 19:55",FV,6289,D,3,GDX,773,373,365,43
1071,A,"17.08.2019 14:10",FV,6290,D,3,GDX,773,373,359,1
1072,D,"17.08.2019 17:50",FV,6147,D,3,SIP,77W,457,145,7
1073,D,"17.08.2019 8:25",FV,6151,D,3,SIP,77W,457,447,5
1074,A,"17.08.2019 2:45",FV,6152,D,3,SIP,77W,457,454,16
1075,D,"17.08.2019 19:50",FV,6285,D,3,PKC,77W,457,428,81
1076,A,"17.08.2019 15:55",FV,6286,D,3,PKC,77W,457,451,44
1077,D,"17.08.2019 18:30",FV,6287,D,3,KHV,77W,457,445,67
1078,A,"17.08.2019 14:50",FV,6298,D,3,KHV,77W,457,452,8
1079,A,"17.08.2019 12:30",FV,6288,D,3,KHV,74E,447,445,11
1080,D,"17.08.2019 21:05",FV,6297,D,3,KHV,74E,447,444,5
1081,D,"17.08.2019 14:05",RL,7505,I,2,NBE,77W,492,444,60
1082,D,"17.08.2019 3:30",RL,7701,I,2,AYT,77W,492,490,58
1083,D,"17.08.2019 10:35",RL,7703,I,2,AYT,77W,492,394,60
1084,A,"17.08.2019 18:30",RL,7704,I,2,AYT,77W,492,394,53
1085,D,"17.08.2019 15:45",RL,7705,I,2,AYT,77W,492,486,49
1086,A,"17.08.2019 23:50",RL,7706,I,2,AYT,77W,492,489,55
1087,D,"17.08.2019 13:40",RL,7525,I,2,GZP,752,224,224,52
1088,A,"17.08.2019 22:00",RL,7526,I,2,GZP,752,224,222,54
1089,D,"17.08.2019 3:05",RL,7543,I,2,DLM,752,224,221,46
1090,A,"17.08.2019 11:15",RL,7544,I,2,DLM,752,224,220,78
1091,A,"17.08.2019 18:05",HU,7985,I,5,PEK,333,292,280,71
1092,D,"17.08.2019 19:55",HU,7986,I,5,PEK,333,292,269,83
1093,D,"17.08.2019 2:50",ZF,9007,I,2,AYT,77W,531,425,50
1094,A,"17.08.2019 23:30",ZF,9010,I,2,AYT,77W,531,425,46
